DELETE FROM edit_history;
DELETE FROM programs;
DELETE FROM columns;
DELETE FROM sections;
DELETE FROM countries;
DELETE FROM app_meta;
INSERT INTO app_meta (key, value) VALUES ('sourceFile', '/Users/vaishnav/Downloads/Masters Planning.xlsx');
INSERT INTO app_meta (key, value) VALUES ('generatedAt', '2026-05-30T13:04:58');
INSERT INTO app_meta (key, value) VALUES ('defaultCountry', 'Germany');
INSERT INTO sections (key, label, short_label, tone, description, display_order) VALUES ('admit', 'Admit received', 'Admit', 'admit', 'Confirmed admits and positive outcomes.', 0);
INSERT INTO sections (key, label, short_label, tone, description, display_order) VALUES ('waiting', 'Applied and waiting', 'Waiting', 'waiting', 'Submitted applications waiting for decisions.', 1);
INSERT INTO sections (key, label, short_label, tone, description, display_order) VALUES ('rejected', 'Rejected', 'Rejected', 'rejected', 'Negative outcomes and closed options.', 2);
INSERT INTO sections (key, label, short_label, tone, description, display_order) VALUES ('skipped', 'Skipped', 'Skipped', 'skipped', 'Rows not being pursued right now.', 3);
INSERT INTO sections (key, label, short_label, tone, description, display_order) VALUES ('action', 'Action needed', 'Action', 'action', 'Rows that need a concrete next step.', 4);
INSERT INTO countries (name, display_order) VALUES ('Germany', 0);
INSERT INTO columns (country, key, label, source_label, letter, index_position, display_order) VALUES ('Germany', 'university', 'University', 'University', 'A', 1, 0);
INSERT INTO columns (country, key, label, source_label, letter, index_position, display_order) VALUES ('Germany', 'course', 'Course', 'Course', 'B', 2, 1);
INSERT INTO columns (country, key, label, source_label, letter, index_position, display_order) VALUES ('Germany', 'applied', 'Applied', 'Applied', 'C', 3, 2);
INSERT INTO columns (country, key, label, source_label, letter, index_position, display_order) VALUES ('Germany', 'commentsRejectionReason', 'Comments / Reason', 'Comments / Rejection Reason', 'D', 4, 3);
INSERT INTO columns (country, key, label, source_label, letter, index_position, display_order) VALUES ('Germany', 'enrollmentDeadline', 'Enrollment Deadline', 'Enrollment Deadline', 'E', 5, 4);
INSERT INTO columns (country, key, label, source_label, letter, index_position, display_order) VALUES ('Germany', 'tuitionFeeEurosPerSem', 'Tuition Fee (EUR / sem)', 'Tuiton Fee(Euros per sem)', 'F', 6, 5);
INSERT INTO columns (country, key, label, source_label, letter, index_position, display_order) VALUES ('Germany', 'dateApplied', 'Date Applied', 'Date Applied', 'G', 7, 6);
INSERT INTO columns (country, key, label, source_label, letter, index_position, display_order) VALUES ('Germany', 'applicationOpen', 'Application Opens', 'Application open', 'H', 8, 7);
INSERT INTO columns (country, key, label, source_label, letter, index_position, display_order) VALUES ('Germany', 'deadline', 'Deadline', 'Deadline', 'I', 9, 8);
INSERT INTO columns (country, key, label, source_label, letter, index_position, display_order) VALUES ('Germany', 'uniAssist', 'Uni-assist', 'Uni-assist?', 'J', 10, 9);
INSERT INTO columns (country, key, label, source_label, letter, index_position, display_order) VALUES ('Germany', 'website', 'Website', 'Website', 'K', 11, 10);
INSERT INTO columns (country, key, label, source_label, letter, index_position, display_order) VALUES ('Germany', 'daad', 'DAAD', 'DAAD', 'L', 12, 11);
INSERT INTO programs (id, country, row_number, band_key, fields_json, links_json, source_color, source_font_colors_json, source_colors_by_column_json, source_font_colors_by_column_json, updated_at, updated_by) VALUES ('germany-2', 'Germany', 2, 'admit', '{"university":"Paderborn University","course":"Computer Science","applied":"ACCEPTED","commentsRejectionReason":"Update on July end","enrollmentDeadline":"2026-10-23","tuitionFeeEurosPerSem":"Free","dateApplied":"","applicationOpen":"Update on July end","deadline":"2026-05-31","uniAssist":"Yes","website":"Applied for dorm","daad":"https://www2.daad.de/deutschland/studienangebote/international-programmes/en/detail/5616/"}', '[{"field":"daad","label":"DAAD","url":"https://www2.daad.de/deutschland/studienangebote/international-programmes/en/detail/5616/"}]', 'FF00FF00', '["FF0000FF","theme:1"]', '{"A":"FF00FF00","B":"FF00FF00","C":"FF00FF00","D":"FF00FF00","E":"FF00FF00","F":"FF00FF00","G":"FF00FF00","H":"FF00FF00","I":"FF00FF00","J":"FF00FF00","K":"FF00FF00","L":"FF00FF00"}', '{"A":"theme:1","B":"theme:1","C":"theme:1","D":"theme:1","E":"theme:1","F":"theme:1","G":"theme:1","H":"theme:1","I":"theme:1","J":"theme:1","K":"theme:1","L":"FF0000FF","M":"theme:1","N":"theme:1","O":"theme:1","P":"theme:1","Q":"theme:1","R":"theme:1","S":"theme:1","T":"theme:1","U":"theme:1","V":"theme:1","W":"theme:1","X":"theme:1","Y":"theme:1","Z":"theme:1","AA":"theme:1","AB":"theme:1","AC":"theme:1","AD":"theme:1","AE":"theme:1","AF":"theme:1","AG":"theme:1"}', '2026-05-30T13:04:58', 'workbook-import');
INSERT INTO programs (id, country, row_number, band_key, fields_json, links_json, source_color, source_font_colors_json, source_colors_by_column_json, source_font_colors_by_column_json, updated_at, updated_by) VALUES ('germany-3', 'Germany', 3, 'admit', '{"university":"Rostock","course":"Computer Science","applied":"ACCEPTED(conditional credits)","commentsRejectionReason":"Have to pass 2 subjects by S2","enrollmentDeadline":"Sept 30","tuitionFeeEurosPerSem":"Free","dateApplied":"","applicationOpen":"","deadline":"2026-09-30","uniAssist":"Yes","website":"","daad":""}', '[]', 'FF00FF00', '["theme:1"]', '{"A":"FF00FF00","B":"FF00FF00","C":"FF00FF00","D":"FF00FF00","E":"FF00FF00","F":"FF00FF00","G":"FF00FF00","H":"FF00FF00","I":"FF00FF00","J":"FF00FF00","K":"FF00FF00","L":"FF00FF00","M":"FF00FF00","N":"FF00FF00","O":"FF00FF00","P":"FF00FF00","Q":"FF00FF00","R":"FF00FF00","S":"FF00FF00","T":"FF00FF00","U":"FF00FF00","V":"FF00FF00","W":"FF00FF00","X":"FF00FF00","Y":"FF00FF00","Z":"FF00FF00","AA":"FF00FF00","AB":"FF00FF00","AC":"FF00FF00","AD":"FF00FF00","AE":"FF00FF00","AF":"FF00FF00","AG":"FF00FF00"}', '{"A":"theme:1","B":"theme:1","C":"theme:1","D":"theme:1","E":"theme:1","F":"theme:1","G":"theme:1","H":"theme:1","I":"theme:1","J":"theme:1","K":"theme:1","L":"theme:1","M":"theme:1","N":"theme:1","O":"theme:1","P":"theme:1","Q":"theme:1","R":"theme:1","S":"theme:1","T":"theme:1","U":"theme:1","V":"theme:1","W":"theme:1","X":"theme:1","Y":"theme:1","Z":"theme:1","AA":"theme:1","AB":"theme:1","AC":"theme:1","AD":"theme:1","AE":"theme:1","AF":"theme:1","AG":"theme:1"}', '2026-05-30T13:04:58', 'workbook-import');
INSERT INTO programs (id, country, row_number, band_key, fields_json, links_json, source_color, source_font_colors_json, source_colors_by_column_json, source_font_colors_by_column_json, updated_at, updated_by) VALUES ('germany-4', 'Germany', 4, 'admit', '{"university":"Technische Universität Braunschweig","course":"Computational Sciences in Engineering","applied":"ACCEPTED (A2 GER)","commentsRejectionReason":"Math oriented, less CS","enrollmentDeadline":"Sept 6","tuitionFeeEurosPerSem":"Free","dateApplied":"2026-03-14","applicationOpen":"","deadline":"2026-09-06","uniAssist":"","website":"","daad":""}', '[]', 'FF00FF00', '["FF434343","theme:1"]', '{"A":"FF00FF00","B":"FF00FF00","C":"FF00FF00","D":"FF00FF00","E":"FF00FF00","F":"FF00FF00","G":"FF00FF00","H":"FF00FF00","I":"FF00FF00","J":"FF00FF00","K":"FF00FF00","L":"FF00FF00","M":"FF00FF00","N":"FF00FF00","O":"FF00FF00","P":"FF00FF00","Q":"FF00FF00","R":"FF00FF00","S":"FF00FF00","T":"FF00FF00","U":"FF00FF00","V":"FF00FF00","W":"FF00FF00","X":"FF00FF00","Y":"FF00FF00","Z":"FF00FF00","AA":"FF00FF00","AB":"FF00FF00","AC":"FF00FF00","AD":"FF00FF00","AE":"FF00FF00","AF":"FF00FF00","AG":"FF00FF00"}', '{"A":"FF434343","B":"theme:1","C":"theme:1","D":"theme:1","E":"FF434343","F":"theme:1","G":"theme:1","H":"theme:1","I":"theme:1","J":"theme:1","K":"theme:1","L":"theme:1","M":"theme:1","N":"theme:1","O":"theme:1","P":"theme:1","Q":"theme:1","R":"theme:1","S":"theme:1","T":"theme:1","U":"theme:1","V":"theme:1","W":"theme:1","X":"theme:1","Y":"theme:1","Z":"theme:1","AA":"theme:1","AB":"theme:1","AC":"theme:1","AD":"theme:1","AE":"theme:1","AF":"theme:1","AG":"theme:1"}', '2026-05-30T13:04:58', 'workbook-import');
INSERT INTO programs (id, country, row_number, band_key, fields_json, links_json, source_color, source_font_colors_json, source_colors_by_column_json, source_font_colors_by_column_json, updated_at, updated_by) VALUES ('germany-5', 'Germany', 5, 'admit', '{"university":"Albstadt-Sigmaringen University","course":"Industrial Artificial Intelligence","applied":"ACCEPTED","commentsRejectionReason":"Cracked motivation interview, interdisciplinary course","enrollmentDeadline":"2026-06-18","tuitionFeeEurosPerSem":"1500","dateApplied":"2026-05-04","applicationOpen":"","deadline":"2026-07-15","uniAssist":"","website":"","daad":""}', '[]', 'FF00FF00', '["FF434343","FFFF0000","theme:1"]', '{"A":"FF00FF00","B":"FF00FF00","C":"FF00FF00","D":"FF00FF00","E":"FF00FF00","F":"FF00FF00","G":"FF00FF00","H":"FF00FF00","I":"FF00FF00","J":"FF00FF00","K":"FF00FF00","L":"FF00FF00","M":"FF00FF00","N":"FF00FF00","O":"FF00FF00","P":"FF00FF00","Q":"FF00FF00","R":"FF00FF00","S":"FF00FF00","T":"FF00FF00","U":"FF00FF00","V":"FF00FF00","W":"FF00FF00","X":"FF00FF00","Y":"FF00FF00","Z":"FF00FF00","AA":"FF00FF00","AB":"FF00FF00","AC":"FF00FF00","AD":"FF00FF00","AE":"FF00FF00","AF":"FF00FF00","AG":"FF00FF00"}', '{"A":"theme:1","B":"theme:1","C":"theme:1","D":"theme:1","E":"FF434343","F":"FFFF0000","G":"theme:1","H":"theme:1","I":"theme:1","J":"theme:1","K":"theme:1","L":"theme:1","M":"theme:1","N":"theme:1","O":"theme:1","P":"theme:1","Q":"theme:1","R":"theme:1","S":"theme:1","T":"theme:1","U":"theme:1","V":"theme:1","W":"theme:1","X":"theme:1","Y":"theme:1","Z":"theme:1","AA":"theme:1","AB":"theme:1","AC":"theme:1","AD":"theme:1","AE":"theme:1","AF":"theme:1","AG":"theme:1"}', '2026-05-30T13:04:58', 'workbook-import');
INSERT INTO programs (id, country, row_number, band_key, fields_json, links_json, source_color, source_font_colors_json, source_colors_by_column_json, source_font_colors_by_column_json, updated_at, updated_by) VALUES ('germany-6', 'Germany', 6, 'waiting', '{"university":"Technische Hochschule Ingolstadt","course":"Artificial Intelligence","applied":"Yes","commentsRejectionReason":"","enrollmentDeadline":"","tuitionFeeEurosPerSem":"1200","dateApplied":"2026-05-14","applicationOpen":"","deadline":"2026-08-31","uniAssist":"VPD","website":"","daad":""}', '[]', 'FFD9EAD3', '["theme:1"]', '{"A":"FFD9EAD3","B":"FFD9EAD3","C":"FFD9EAD3","D":"FFD9EAD3","E":"FFD9EAD3","F":"FFD9EAD3","G":"FFD9EAD3","H":"FFD9EAD3","I":"FFD9EAD3","J":"FFD9EAD3","K":"FFD9EAD3","L":"FFD9EAD3","M":"FFD9EAD3","N":"FFD9EAD3","O":"FFD9EAD3","P":"FFD9EAD3","Q":"FFD9EAD3","R":"FFD9EAD3","S":"FFD9EAD3","T":"FFD9EAD3","U":"FFD9EAD3","V":"FFD9EAD3","W":"FFD9EAD3","X":"FFD9EAD3","Y":"FFD9EAD3","Z":"FFD9EAD3","AA":"FFD9EAD3","AB":"FFD9EAD3","AC":"FFD9EAD3","AD":"FFD9EAD3","AE":"FFD9EAD3","AF":"FFD9EAD3","AG":"FFD9EAD3"}', '{"A":"theme:1","B":"theme:1","C":"theme:1","D":"theme:1","E":"theme:1","F":"theme:1","G":"theme:1","H":"theme:1","I":"theme:1","J":"theme:1","K":"theme:1","L":"theme:1","M":"theme:1","N":"theme:1","O":"theme:1","P":"theme:1","Q":"theme:1","R":"theme:1","S":"theme:1","T":"theme:1","U":"theme:1","V":"theme:1","W":"theme:1","X":"theme:1","Y":"theme:1","Z":"theme:1","AA":"theme:1","AB":"theme:1","AC":"theme:1","AD":"theme:1","AE":"theme:1","AF":"theme:1","AG":"theme:1"}', '2026-05-30T13:04:58', 'workbook-import');
INSERT INTO programs (id, country, row_number, band_key, fields_json, links_json, source_color, source_font_colors_json, source_colors_by_column_json, source_font_colors_by_column_json, updated_at, updated_by) VALUES ('germany-7', 'Germany', 7, 'waiting', '{"university":"Technische Hochschule Ingolstadt","course":"AI Engineering of Autonomous Systems(M.Engg)","applied":"Yes","commentsRejectionReason":"","enrollmentDeadline":"","tuitionFeeEurosPerSem":"1200","dateApplied":"2026-05-14","applicationOpen":"","deadline":"2026-07-15","uniAssist":"VPD","website":"","daad":""}', '[]', 'FFD9EAD3', '["theme:1"]', '{"A":"FFD9EAD3","B":"FFD9EAD3","C":"FFD9EAD3","D":"FFD9EAD3","E":"FFD9EAD3","F":"FFD9EAD3","G":"FFD9EAD3","H":"FFD9EAD3","I":"FFD9EAD3","J":"FFD9EAD3","K":"FFD9EAD3","L":"FFD9EAD3"}', '{"A":"theme:1","B":"theme:1","C":"theme:1","D":"theme:1","E":"theme:1","F":"theme:1","G":"theme:1","H":"theme:1","I":"theme:1","J":"theme:1","K":"theme:1","L":"theme:1","M":"theme:1","N":"theme:1","O":"theme:1","P":"theme:1","Q":"theme:1","R":"theme:1","S":"theme:1","T":"theme:1","U":"theme:1","V":"theme:1","W":"theme:1","X":"theme:1","Y":"theme:1","Z":"theme:1","AA":"theme:1","AB":"theme:1","AC":"theme:1","AD":"theme:1","AE":"theme:1","AF":"theme:1","AG":"theme:1"}', '2026-05-30T13:04:58', 'workbook-import');
INSERT INTO programs (id, country, row_number, band_key, fields_json, links_json, source_color, source_font_colors_json, source_colors_by_column_json, source_font_colors_by_column_json, updated_at, updated_by) VALUES ('germany-8', 'Germany', 8, 'waiting', '{"university":"Leibniz University Hannover","course":"Computer Science (logic and computation track also)","applied":"Yes","commentsRejectionReason":"","enrollmentDeadline":"","tuitionFeeEurosPerSem":"Free","dateApplied":"2026-05-13","applicationOpen":"2026-04-15","deadline":"2026-05-31","uniAssist":"VPD","website":"vaishnavcr7 mail","daad":"https://qis.verwaltung.uni-hannover.de/qisserver/rds?state=user&type=0"}', '[{"field":"daad","label":"DAAD","url":"https://qis.verwaltung.uni-hannover.de/qisserver/rds?state=user&type=0"}]', 'FFD9EAD3', '["FF0000FF","FF1F1F1F","theme:1"]', '{"A":"FFD9EAD3","B":"FFD9EAD3","C":"FFD9EAD3","D":"FFD9EAD3","E":"FFD9EAD3","F":"FFD9EAD3","G":"FFD9EAD3","H":"FFD9EAD3","I":"FFD9EAD3","J":"FFD9EAD3","K":"FFD9EAD3","L":"FFD9EAD3"}', '{"A":"theme:1","B":"theme:1","C":"theme:1","D":"theme:1","E":"theme:1","F":"theme:1","G":"theme:1","H":"theme:1","I":"theme:1","J":"theme:1","K":"FF1F1F1F","L":"FF0000FF","M":"theme:1","N":"theme:1","O":"theme:1","P":"theme:1","Q":"theme:1","R":"theme:1","S":"theme:1","T":"theme:1","U":"theme:1","V":"theme:1","W":"theme:1","X":"theme:1","Y":"theme:1","Z":"theme:1","AA":"theme:1","AB":"theme:1","AC":"theme:1","AD":"theme:1","AE":"theme:1","AF":"theme:1","AG":"theme:1"}', '2026-05-30T13:04:58', 'workbook-import');
INSERT INTO programs (id, country, row_number, band_key, fields_json, links_json, source_color, source_font_colors_json, source_colors_by_column_json, source_font_colors_by_column_json, updated_at, updated_by) VALUES ('germany-9', 'Germany', 9, 'waiting', '{"university":"dusseldorf (hhud)","course":"Artificial Intelligence and Data Science","applied":"Yes","commentsRejectionReason":"","enrollmentDeadline":"","tuitionFeeEurosPerSem":"Free","dateApplied":"2026-05-13","applicationOpen":"2026-05-05","deadline":"2026-07-15","uniAssist":"","website":"","daad":""}', '[]', 'FFD9EAD3', '["FF1F1F1F","theme:1"]', '{"A":"FFD9EAD3","B":"FFD9EAD3","C":"FFD9EAD3","D":"FFD9EAD3","E":"FFD9EAD3","F":"FFD9EAD3","G":"FFD9EAD3","H":"FFD9EAD3","I":"FFD9EAD3","J":"FFD9EAD3","K":"FFD9EAD3","L":"FFD9EAD3"}', '{"A":"theme:1","B":"theme:1","C":"theme:1","D":"theme:1","E":"theme:1","F":"theme:1","G":"FF1F1F1F","H":"theme:1","I":"theme:1","J":"theme:1","K":"theme:1","L":"theme:1","M":"theme:1","N":"theme:1","O":"theme:1","P":"theme:1","Q":"theme:1","R":"theme:1","S":"theme:1","T":"theme:1","U":"theme:1","V":"theme:1","W":"theme:1","X":"theme:1","Y":"theme:1","Z":"theme:1","AA":"theme:1","AB":"theme:1","AC":"theme:1","AD":"theme:1","AE":"theme:1","AF":"theme:1","AG":"theme:1"}', '2026-05-30T13:04:58', 'workbook-import');
INSERT INTO programs (id, country, row_number, band_key, fields_json, links_json, source_color, source_font_colors_json, source_colors_by_column_json, source_font_colors_by_column_json, updated_at, updated_by) VALUES ('germany-10', 'Germany', 10, 'waiting', '{"university":"Univeristy of Bremen","course":"Artficial Intelligence and Intelligent Systems","applied":"Yes","commentsRejectionReason":"","enrollmentDeadline":"","tuitionFeeEurosPerSem":"Free","dateApplied":"2026-03-07","applicationOpen":"2026-02-01","deadline":"2026-03-15","uniAssist":"","website":"https://www.uni-bremen.de/en/studies/orientation-application/offered-study-program/dbs/study/324","daad":""}', '[{"field":"website","label":"Website","url":"https://www.uni-bremen.de/en/studies/orientation-application/offered-study-program/dbs/study/324"}]', 'FFD9EAD3', '["FF0000FF","theme:1"]', '{"A":"FFD9EAD3","B":"FFD9EAD3","C":"FFD9EAD3","D":"FFD9EAD3","E":"FFD9EAD3","F":"FFD9EAD3","G":"FFD9EAD3","H":"FFD9EAD3","I":"FFD9EAD3","J":"FFD9EAD3","K":"FFD9EAD3","L":"FFD9EAD3"}', '{"A":"theme:1","B":"theme:1","C":"theme:1","D":"theme:1","E":"theme:1","F":"theme:1","G":"theme:1","H":"theme:1","I":"theme:1","J":"theme:1","K":"FF0000FF","L":"theme:1","M":"theme:1","N":"theme:1","O":"theme:1","P":"theme:1","Q":"theme:1","R":"theme:1","S":"theme:1","T":"theme:1","U":"theme:1","V":"theme:1","W":"theme:1","X":"theme:1","Y":"theme:1","Z":"theme:1","AA":"theme:1","AB":"theme:1","AC":"theme:1","AD":"theme:1","AE":"theme:1","AF":"theme:1","AG":"theme:1"}', '2026-05-30T13:04:58', 'workbook-import');
INSERT INTO programs (id, country, row_number, band_key, fields_json, links_json, source_color, source_font_colors_json, source_colors_by_column_json, source_font_colors_by_column_json, updated_at, updated_by) VALUES ('germany-11', 'Germany', 11, 'waiting', '{"university":"Heidelberg University","course":"Data and Computer Science","applied":"Yes","commentsRejectionReason":"","enrollmentDeadline":"","tuitionFeeEurosPerSem":"1500","dateApplied":"2026-03-08","applicationOpen":"","deadline":"2026-03-15","uniAssist":"","website":"","daad":""}', '[]', 'FFD9EAD3', '["theme:1"]', '{"A":"FFD9EAD3","B":"FFD9EAD3","C":"FFD9EAD3","D":"FFD9EAD3","E":"FFD9EAD3","F":"FFD9EAD3","G":"FFD9EAD3","H":"FFD9EAD3","I":"FFD9EAD3","J":"FFD9EAD3","K":"FFD9EAD3","L":"FFD9EAD3"}', '{"A":"theme:1","B":"theme:1","C":"theme:1","D":"theme:1","E":"theme:1","F":"theme:1","G":"theme:1","H":"theme:1","I":"theme:1","J":"theme:1","K":"theme:1","L":"theme:1","M":"theme:1","N":"theme:1","O":"theme:1","P":"theme:1","Q":"theme:1","R":"theme:1","S":"theme:1","T":"theme:1","U":"theme:1","V":"theme:1","W":"theme:1","X":"theme:1","Y":"theme:1","Z":"theme:1","AA":"theme:1","AB":"theme:1","AC":"theme:1","AD":"theme:1","AE":"theme:1","AF":"theme:1","AG":"theme:1"}', '2026-05-30T13:04:58', 'workbook-import');
INSERT INTO programs (id, country, row_number, band_key, fields_json, links_json, source_color, source_font_colors_json, source_colors_by_column_json, source_font_colors_by_column_json, updated_at, updated_by) VALUES ('germany-12', 'Germany', 12, 'waiting', '{"university":"Offenburg UAS","course":"Enterprise and IT secuirty","applied":"Yes","commentsRejectionReason":"","enrollmentDeadline":"","tuitionFeeEurosPerSem":"Free","dateApplied":"2026-03-19","applicationOpen":"","deadline":"2026-03-31","uniAssist":"","website":"","daad":""}', '[]', 'FFD9EAD3', '["theme:1"]', '{"A":"FFD9EAD3","B":"FFD9EAD3","C":"FFD9EAD3","D":"FFD9EAD3","E":"FFD9EAD3","F":"FFD9EAD3","G":"FFD9EAD3","H":"FFD9EAD3","I":"FFD9EAD3","J":"FFD9EAD3","K":"FFD9EAD3","L":"FFD9EAD3"}', '{"A":"theme:1","B":"theme:1","C":"theme:1","D":"theme:1","E":"theme:1","F":"theme:1","G":"theme:1","H":"theme:1","I":"theme:1","J":"theme:1","K":"theme:1","L":"theme:1","M":"theme:1","N":"theme:1","O":"theme:1","P":"theme:1","Q":"theme:1","R":"theme:1","S":"theme:1","T":"theme:1","U":"theme:1","V":"theme:1","W":"theme:1","X":"theme:1","Y":"theme:1","Z":"theme:1","AA":"theme:1","AB":"theme:1","AC":"theme:1","AD":"theme:1","AE":"theme:1","AF":"theme:1","AG":"theme:1"}', '2026-05-30T13:04:58', 'workbook-import');
INSERT INTO programs (id, country, row_number, band_key, fields_json, links_json, source_color, source_font_colors_json, source_colors_by_column_json, source_font_colors_by_column_json, updated_at, updated_by) VALUES ('germany-13', 'Germany', 13, 'waiting', '{"university":"University of Tübingen","course":"Quantitative Data Science Methods","applied":"Yes","commentsRejectionReason":"","enrollmentDeadline":"","tuitionFeeEurosPerSem":"1500","dateApplied":"2026-03-22","applicationOpen":"","deadline":"2026-04-30","uniAssist":"","website":"","daad":""}', '[]', 'FFD9EAD3', '["FF000000","theme:1"]', '{"A":"FFD9EAD3","B":"FFD9EAD3","C":"FFD9EAD3","D":"FFD9EAD3","E":"FFD9EAD3","F":"FFD9EAD3","G":"FFD9EAD3","H":"FFD9EAD3","I":"FFD9EAD3","J":"FFD9EAD3","K":"FFD9EAD3","L":"FFD9EAD3"}', '{"A":"FF000000","B":"FF000000","C":"theme:1","D":"FF000000","E":"theme:1","F":"theme:1","G":"theme:1","H":"theme:1","I":"theme:1","J":"FF000000","K":"FF000000","L":"theme:1","M":"theme:1","N":"theme:1","O":"theme:1","P":"theme:1","Q":"theme:1","R":"theme:1","S":"theme:1","T":"theme:1","U":"theme:1","V":"theme:1","W":"theme:1","X":"theme:1","Y":"theme:1","Z":"theme:1","AA":"theme:1","AB":"theme:1","AC":"theme:1","AD":"theme:1","AE":"theme:1","AF":"theme:1","AG":"theme:1"}', '2026-05-30T13:04:58', 'workbook-import');
INSERT INTO programs (id, country, row_number, band_key, fields_json, links_json, source_color, source_font_colors_json, source_colors_by_column_json, source_font_colors_by_column_json, updated_at, updated_by) VALUES ('germany-14', 'Germany', 14, 'waiting', '{"university":"University of Augsburg","course":"Data Science","applied":"Yes","commentsRejectionReason":"","enrollmentDeadline":"","tuitionFeeEurosPerSem":"Free","dateApplied":"2026-03-19","applicationOpen":"","deadline":"2026-05-01","uniAssist":"","website":"","daad":"https://www2.daad.de/deutschland/studienangebote/international-programmes/en/result/?cert=&admReq=&langExamPC=&langExamLC=&langExamSC=&degree%5B%5D=2&subjectGroup%5B%5D=&fos%5B%5D=&langDeAvailable=&langEnAvailable=&lang%5B%5D=2&modStd%5B%5D=&cit%5B%5D=&tyi%5B%5D=&ins%5B%5D=&fee=&bgn%5B%5D=&dat%5B%5D=&prep_subj%5B%5D=&prep_degree%5B%5D=&sort=4&dur=&subjects%5B%5D=&q=augsburg&limit=10&offset=&display=list&lvlEn%5B%5D="}', '[{"field":"daad","label":"DAAD","url":"https://www2.daad.de/deutschland/studienangebote/international-programmes/en/result/?cert=&admReq=&langExamPC=&langExamLC=&langExamSC=&degree%5B%5D=2&subjectGroup%5B%5D=&fos%5B%5D=&langDeAvailable=&langEnAvailable=&lang%5B%5D=2&modStd%5B%5D=&cit%5B%5D=&tyi%5B%5D=&ins%5B%5D=&fee=&bgn%5B%5D=&dat%5B%5D=&prep_subj%5B%5D=&prep_degree%5B%5D=&sort=4&dur=&subjects%5B%5D=&q=augsburg&limit=10&offset=&display=list&lvlEn%5B%5D="}]', 'FFD9EAD3', '["FF0000FF","theme:1"]', '{"A":"FFD9EAD3","B":"FFD9EAD3","C":"FFD9EAD3","D":"FFD9EAD3","E":"FFD9EAD3","F":"FFD9EAD3","G":"FFD9EAD3","H":"FFD9EAD3","I":"FFD9EAD3","J":"FFD9EAD3","K":"FFD9EAD3","L":"FFD9EAD3"}', '{"A":"theme:1","B":"theme:1","C":"theme:1","D":"theme:1","E":"theme:1","F":"theme:1","G":"theme:1","H":"theme:1","I":"theme:1","J":"theme:1","K":"theme:1","L":"FF0000FF","M":"theme:1","N":"theme:1","O":"theme:1","P":"theme:1","Q":"theme:1","R":"theme:1","S":"theme:1","T":"theme:1","U":"theme:1","V":"theme:1","W":"theme:1","X":"theme:1","Y":"theme:1","Z":"theme:1","AA":"theme:1","AB":"theme:1","AC":"theme:1","AD":"theme:1","AE":"theme:1","AF":"theme:1","AG":"theme:1"}', '2026-05-30T13:04:58', 'workbook-import');
INSERT INTO programs (id, country, row_number, band_key, fields_json, links_json, source_color, source_font_colors_json, source_colors_by_column_json, source_font_colors_by_column_json, updated_at, updated_by) VALUES ('germany-15', 'Germany', 15, 'waiting', '{"university":"University of Augsburg","course":"Computer Science & Mathematics","applied":"Yes","commentsRejectionReason":"","enrollmentDeadline":"","tuitionFeeEurosPerSem":"Free","dateApplied":"2026-03-19","applicationOpen":"","deadline":"2026-05-01","uniAssist":"","website":"","daad":"https://www2.daad.de/deutschland/studienangebote/international-programmes/en/result/?cert=&admReq=&langExamPC=&langExamLC=&langExamSC=&degree%5B%5D=2&subjectGroup%5B%5D=&fos%5B%5D=&langDeAvailable=&langEnAvailable=&lang%5B%5D=2&modStd%5B%5D=&cit%5B%5D=&tyi%5B%5D=&ins%5B%5D=&fee=&bgn%5B%5D=&dat%5B%5D=&prep_subj%5B%5D=&prep_degree%5B%5D=&sort=4&dur=&subjects%5B%5D=&q=augsburg&limit=10&offset=&display=list&lvlEn%5B%5D="}', '[{"field":"daad","label":"DAAD","url":"https://www2.daad.de/deutschland/studienangebote/international-programmes/en/result/?cert=&admReq=&langExamPC=&langExamLC=&langExamSC=&degree%5B%5D=2&subjectGroup%5B%5D=&fos%5B%5D=&langDeAvailable=&langEnAvailable=&lang%5B%5D=2&modStd%5B%5D=&cit%5B%5D=&tyi%5B%5D=&ins%5B%5D=&fee=&bgn%5B%5D=&dat%5B%5D=&prep_subj%5B%5D=&prep_degree%5B%5D=&sort=4&dur=&subjects%5B%5D=&q=augsburg&limit=10&offset=&display=list&lvlEn%5B%5D="}]', 'FFD9EAD3', '["FF0000FF","theme:1"]', '{"A":"FFD9EAD3","B":"FFD9EAD3","C":"FFD9EAD3","D":"FFD9EAD3","E":"FFD9EAD3","F":"FFD9EAD3","G":"FFD9EAD3","H":"FFD9EAD3","I":"FFD9EAD3","J":"FFD9EAD3","K":"FFD9EAD3","L":"FFD9EAD3","M":"FFFF9900","N":"FFFF9900","O":"FFFF9900","P":"FFFF9900","Q":"FFFF9900","R":"FFFF9900","S":"FFFF9900","T":"FFFF9900","U":"FFFF9900","V":"FFFF9900","W":"FFFF9900","X":"FFFF9900","Y":"FFFF9900","Z":"FFFF9900","AA":"FFFF9900","AB":"FFFF9900","AC":"FFFF9900","AD":"FFFF9900","AE":"FFFF9900","AF":"FFFF9900","AG":"FFFF9900"}', '{"A":"theme:1","B":"theme:1","C":"theme:1","D":"theme:1","E":"theme:1","F":"theme:1","G":"theme:1","H":"theme:1","I":"theme:1","J":"theme:1","K":"theme:1","L":"FF0000FF","M":"theme:1","N":"theme:1","O":"theme:1","P":"theme:1","Q":"theme:1","R":"theme:1","S":"theme:1","T":"theme:1","U":"theme:1","V":"theme:1","W":"theme:1","X":"theme:1","Y":"theme:1","Z":"theme:1","AA":"theme:1","AB":"theme:1","AC":"theme:1","AD":"theme:1","AE":"theme:1","AF":"theme:1","AG":"theme:1"}', '2026-05-30T13:04:58', 'workbook-import');
INSERT INTO programs (id, country, row_number, band_key, fields_json, links_json, source_color, source_font_colors_json, source_colors_by_column_json, source_font_colors_by_column_json, updated_at, updated_by) VALUES ('germany-16', 'Germany', 16, 'waiting', '{"university":"University of Göttingen","course":"Applied Data Science","applied":"Yes","commentsRejectionReason":"","enrollmentDeadline":"","tuitionFeeEurosPerSem":"Free","dateApplied":"","applicationOpen":"2026-04-01","deadline":"2026-05-01","uniAssist":"","website":"","daad":""}', '[]', 'FFD9EAD3', '["theme:1"]', '{"A":"FFD9EAD3","B":"FFD9EAD3","C":"FFD9EAD3","D":"FFD9EAD3","E":"FFD9EAD3","F":"FFD9EAD3","G":"FFD9EAD3","H":"FFD9EAD3","I":"FFD9EAD3","J":"FFD9EAD3","K":"FFD9EAD3","L":"FFD9EAD3","M":"FFD9EAD3","N":"FFD9EAD3","O":"FFD9EAD3","P":"FFD9EAD3","Q":"FFD9EAD3","R":"FFD9EAD3","S":"FFD9EAD3","T":"FFD9EAD3","U":"FFD9EAD3","V":"FFD9EAD3","W":"FFD9EAD3","X":"FFD9EAD3","Y":"FFD9EAD3","Z":"FFD9EAD3","AA":"FFD9EAD3","AB":"FFD9EAD3","AC":"FFD9EAD3","AD":"FFD9EAD3","AE":"FFD9EAD3","AF":"FFD9EAD3","AG":"FFD9EAD3"}', '{"A":"theme:1","B":"theme:1","C":"theme:1","D":"theme:1","E":"theme:1","F":"theme:1","G":"theme:1","H":"theme:1","I":"theme:1","J":"theme:1","K":"theme:1","L":"theme:1","M":"theme:1","N":"theme:1","O":"theme:1","P":"theme:1","Q":"theme:1","R":"theme:1","S":"theme:1","T":"theme:1","U":"theme:1","V":"theme:1","W":"theme:1","X":"theme:1","Y":"theme:1","Z":"theme:1","AA":"theme:1","AB":"theme:1","AC":"theme:1","AD":"theme:1","AE":"theme:1","AF":"theme:1","AG":"theme:1"}', '2026-05-30T13:04:58', 'workbook-import');
INSERT INTO programs (id, country, row_number, band_key, fields_json, links_json, source_color, source_font_colors_json, source_colors_by_column_json, source_font_colors_by_column_json, updated_at, updated_by) VALUES ('germany-17', 'Germany', 17, 'waiting', '{"university":"HFT Stuttgart","course":"Software Technology","applied":"Yes","commentsRejectionReason":"","enrollmentDeadline":"","tuitionFeeEurosPerSem":"1500","dateApplied":"","applicationOpen":"2026-05-01","deadline":"2026-05-02","uniAssist":"","website":"","daad":""}', '[]', 'FFD9EAD3', '["theme:1"]', '{"A":"FFD9EAD3","B":"FFD9EAD3","C":"FFD9EAD3","D":"FFD9EAD3","E":"FFD9EAD3","F":"FFD9EAD3","G":"FFD9EAD3","H":"FFD9EAD3","I":"FFD9EAD3","J":"FFD9EAD3","K":"FFD9EAD3","L":"FFD9EAD3","M":"FFD9EAD3","N":"FFD9EAD3","O":"FFD9EAD3","P":"FFD9EAD3","Q":"FFD9EAD3","R":"FFD9EAD3","S":"FFD9EAD3","T":"FFD9EAD3","U":"FFD9EAD3","V":"FFD9EAD3","W":"FFD9EAD3","X":"FFD9EAD3","Y":"FFD9EAD3","Z":"FFD9EAD3","AA":"FFD9EAD3","AB":"FFD9EAD3","AC":"FFD9EAD3","AD":"FFD9EAD3","AE":"FFD9EAD3","AF":"FFD9EAD3","AG":"FFD9EAD3"}', '{"A":"theme:1","B":"theme:1","C":"theme:1","D":"theme:1","E":"theme:1","F":"theme:1","G":"theme:1","H":"theme:1","I":"theme:1","J":"theme:1","K":"theme:1","L":"theme:1","M":"theme:1","N":"theme:1","O":"theme:1","P":"theme:1","Q":"theme:1","R":"theme:1","S":"theme:1","T":"theme:1","U":"theme:1","V":"theme:1","W":"theme:1","X":"theme:1","Y":"theme:1","Z":"theme:1","AA":"theme:1","AB":"theme:1","AC":"theme:1","AD":"theme:1","AE":"theme:1","AF":"theme:1","AG":"theme:1"}', '2026-05-30T13:04:58', 'workbook-import');
INSERT INTO programs (id, country, row_number, band_key, fields_json, links_json, source_color, source_font_colors_json, source_colors_by_column_json, source_font_colors_by_column_json, updated_at, updated_by) VALUES ('germany-18', 'Germany', 18, 'waiting', '{"university":"Technische Universität Ilmenau","course":"Data Science","applied":"Yes","commentsRejectionReason":"","enrollmentDeadline":"","tuitionFeeEurosPerSem":"Free","dateApplied":"2026-03-18","applicationOpen":"2026-01-16","deadline":"2026-05-15","uniAssist":"VPD","website":"https://www.tu-ilmenau.de/apply","daad":"https://www2.daad.de/deutschland/studienangebote/international-programmes/en/detail/10469/#tab_registration"}', '[{"field":"website","label":"Website","url":"https://www.tu-ilmenau.de/apply"},{"field":"daad","label":"DAAD","url":"https://www2.daad.de/deutschland/studienangebote/international-programmes/en/detail/10469/#tab_registration"}]', 'FFD9EAD3', '["FF000000","FF0000FF","theme:1"]', '{"A":"FFD9EAD3","B":"FFD9EAD3","C":"FFD9EAD3","D":"FFD9EAD3","E":"FFD9EAD3","F":"FFD9EAD3","G":"FFD9EAD3","H":"FFD9EAD3","I":"FFD9EAD3","J":"FFD9EAD3","K":"FFD9EAD3","L":"FFD9EAD3"}', '{"A":"FF000000","B":"theme:1","C":"theme:1","D":"theme:1","E":"theme:1","F":"theme:1","G":"theme:1","H":"theme:1","I":"theme:1","J":"theme:1","K":"FF0000FF","L":"FF0000FF","M":"theme:1","N":"theme:1","O":"theme:1","P":"theme:1","Q":"theme:1","R":"theme:1","S":"theme:1","T":"theme:1","U":"theme:1","V":"theme:1","W":"theme:1","X":"theme:1","Y":"theme:1","Z":"theme:1","AA":"theme:1","AB":"theme:1","AC":"theme:1","AD":"theme:1","AE":"theme:1","AF":"theme:1","AG":"theme:1"}', '2026-05-30T13:04:58', 'workbook-import');
INSERT INTO programs (id, country, row_number, band_key, fields_json, links_json, source_color, source_font_colors_json, source_colors_by_column_json, source_font_colors_by_column_json, updated_at, updated_by) VALUES ('germany-19', 'Germany', 19, 'waiting', '{"university":"Saarland","course":"Data Science and Artificial Intelligence","applied":"Yes","commentsRejectionReason":"","enrollmentDeadline":"","tuitionFeeEurosPerSem":"Free","dateApplied":"2026-03-24","applicationOpen":"","deadline":"2026-05-15","uniAssist":"","website":"https://apply.cs.uni-saarland.de","daad":""}', '[{"field":"website","label":"Website","url":"https://apply.cs.uni-saarland.de"}]', 'FFD9EAD3', '["FF0000FF","theme:1"]', '{"A":"FFD9EAD3","B":"FFD9EAD3","C":"FFD9EAD3","D":"FFD9EAD3","E":"FFD9EAD3","F":"FFD9EAD3","G":"FFD9EAD3","H":"FFD9EAD3","I":"FFD9EAD3","J":"FFD9EAD3","K":"FFD9EAD3","L":"FFD9EAD3"}', '{"A":"theme:1","B":"theme:1","C":"theme:1","D":"theme:1","E":"theme:1","F":"theme:1","G":"theme:1","H":"theme:1","I":"theme:1","J":"theme:1","K":"FF0000FF","L":"theme:1","M":"theme:1","N":"theme:1","O":"theme:1","P":"theme:1","Q":"theme:1","R":"theme:1","S":"theme:1","T":"theme:1","U":"theme:1","V":"theme:1","W":"theme:1","X":"theme:1","Y":"theme:1","Z":"theme:1","AA":"theme:1","AB":"theme:1","AC":"theme:1","AD":"theme:1","AE":"theme:1","AF":"theme:1","AG":"theme:1"}', '2026-05-30T13:04:58', 'workbook-import');
INSERT INTO programs (id, country, row_number, band_key, fields_json, links_json, source_color, source_font_colors_json, source_colors_by_column_json, source_font_colors_by_column_json, updated_at, updated_by) VALUES ('germany-20', 'Germany', 20, 'waiting', '{"university":"BTU Cottbus","course":"Cyber Security","applied":"Yes","commentsRejectionReason":"","enrollmentDeadline":"","tuitionFeeEurosPerSem":"Free","dateApplied":"2026-05-02","applicationOpen":"","deadline":"2026-05-15","uniAssist":"Yes","website":"","daad":""}', '[]', 'FFD9EAD3', '["theme:1"]', '{"A":"FFD9EAD3","B":"FFD9EAD3","C":"FFD9EAD3","D":"FFD9EAD3","E":"FFD9EAD3","F":"FFD9EAD3","G":"FFD9EAD3","H":"FFD9EAD3","I":"FFD9EAD3","J":"FFD9EAD3","K":"FFD9EAD3","L":"FFD9EAD3"}', '{"A":"theme:1","B":"theme:1","C":"theme:1","D":"theme:1","E":"theme:1","F":"theme:1","G":"theme:1","H":"theme:1","I":"theme:1","J":"theme:1","K":"theme:1","L":"theme:1","M":"theme:1","N":"theme:1","O":"theme:1","P":"theme:1","Q":"theme:1","R":"theme:1","S":"theme:1","T":"theme:1","U":"theme:1","V":"theme:1","W":"theme:1","X":"theme:1","Y":"theme:1","Z":"theme:1","AA":"theme:1","AB":"theme:1","AC":"theme:1","AD":"theme:1","AE":"theme:1","AF":"theme:1","AG":"theme:1"}', '2026-05-30T13:04:58', 'workbook-import');
INSERT INTO programs (id, country, row_number, band_key, fields_json, links_json, source_color, source_font_colors_json, source_colors_by_column_json, source_font_colors_by_column_json, updated_at, updated_by) VALUES ('germany-21', 'Germany', 21, 'waiting', '{"university":"Saarland Univeristy","course":"Cyber Security","applied":"Yes","commentsRejectionReason":"","enrollmentDeadline":"","tuitionFeeEurosPerSem":"Free","dateApplied":"2026-03-24","applicationOpen":"","deadline":"2026-05-15","uniAssist":"","website":"","daad":""}', '[]', 'FFD9EAD3', '["theme:1"]', '{"A":"FFD9EAD3","B":"FFD9EAD3","C":"FFD9EAD3","D":"FFD9EAD3","E":"FFD9EAD3","F":"FFD9EAD3","G":"FFD9EAD3","H":"FFD9EAD3","I":"FFD9EAD3","J":"FFD9EAD3","K":"FFD9EAD3","L":"FFD9EAD3"}', '{"A":"theme:1","B":"theme:1","C":"theme:1","D":"theme:1","E":"theme:1","F":"theme:1","G":"theme:1","H":"theme:1","I":"theme:1","J":"theme:1","K":"theme:1","L":"theme:1","M":"theme:1","N":"theme:1","O":"theme:1","P":"theme:1","Q":"theme:1","R":"theme:1","S":"theme:1","T":"theme:1","U":"theme:1","V":"theme:1","W":"theme:1","X":"theme:1","Y":"theme:1","Z":"theme:1","AA":"theme:1","AB":"theme:1","AC":"theme:1","AD":"theme:1","AE":"theme:1","AF":"theme:1","AG":"theme:1"}', '2026-05-30T13:04:58', 'workbook-import');
INSERT INTO programs (id, country, row_number, band_key, fields_json, links_json, source_color, source_font_colors_json, source_colors_by_column_json, source_font_colors_by_column_json, updated_at, updated_by) VALUES ('germany-22', 'Germany', 22, 'waiting', '{"university":"TU Dresden","course":"Computational Modelling and Simulation\n(AI Track)","applied":"Yes","commentsRejectionReason":"","enrollmentDeadline":"","tuitionFeeEurosPerSem":"Free","dateApplied":"2026-04-01","applicationOpen":"2026-04-01","deadline":"2026-05-31","uniAssist":"Yes","website":"","daad":"https://www2.daad.de/deutschland/studienangebote/international-programmes/en/detail/5202/#tab_registration"}', '[{"field":"daad","label":"DAAD","url":"https://www2.daad.de/deutschland/studienangebote/international-programmes/en/detail/5202/#tab_registration"}]', 'FFD9EAD3', '["FF000000","FF0000FF","theme:1"]', '{"A":"FFD9EAD3","B":"FFD9EAD3","C":"FFD9EAD3","D":"FFD9EAD3","E":"FFD9EAD3","F":"FFD9EAD3","G":"FFD9EAD3","H":"FFD9EAD3","I":"FFD9EAD3","J":"FFD9EAD3","K":"FFD9EAD3","L":"FFD9EAD3"}', '{"A":"FF000000","B":"FF000000","C":"theme:1","D":"theme:1","E":"theme:1","F":"theme:1","G":"theme:1","H":"theme:1","I":"theme:1","J":"theme:1","K":"theme:1","L":"FF0000FF","M":"theme:1","N":"theme:1","O":"theme:1","P":"theme:1","Q":"theme:1","R":"theme:1","S":"theme:1","T":"theme:1","U":"theme:1","V":"theme:1","W":"theme:1","X":"theme:1","Y":"theme:1","Z":"theme:1","AA":"theme:1","AB":"theme:1","AC":"theme:1","AD":"theme:1","AE":"theme:1","AF":"theme:1","AG":"theme:1"}', '2026-05-30T13:04:58', 'workbook-import');
INSERT INTO programs (id, country, row_number, band_key, fields_json, links_json, source_color, source_font_colors_json, source_colors_by_column_json, source_font_colors_by_column_json, updated_at, updated_by) VALUES ('germany-23', 'Germany', 23, 'waiting', '{"university":"TU Dresden","course":"Computer Science","applied":"Yes","commentsRejectionReason":"","enrollmentDeadline":"","tuitionFeeEurosPerSem":"Free","dateApplied":"2026-04-03","applicationOpen":"2026-04-01","deadline":"2026-05-31","uniAssist":"Yes","website":"","daad":"https://www2.daad.de/deutschland/studienangebote/international-programmes/en/detail/10354/"}', '[{"field":"daad","label":"DAAD","url":"https://www2.daad.de/deutschland/studienangebote/international-programmes/en/detail/10354/"}]', 'FFD9EAD3', '["FF000000","FF0000FF","theme:1"]', '{"A":"FFD9EAD3","B":"FFD9EAD3","C":"FFD9EAD3","D":"FFD9EAD3","E":"FFD9EAD3","F":"FFD9EAD3","G":"FFD9EAD3","H":"FFD9EAD3","I":"FFD9EAD3","J":"FFD9EAD3","K":"FFD9EAD3","L":"FFD9EAD3"}', '{"A":"FF000000","B":"FF000000","C":"theme:1","D":"theme:1","E":"theme:1","F":"theme:1","G":"theme:1","H":"theme:1","I":"theme:1","J":"theme:1","K":"theme:1","L":"FF0000FF","M":"theme:1","N":"theme:1","O":"theme:1","P":"theme:1","Q":"theme:1","R":"theme:1","S":"theme:1","T":"theme:1","U":"theme:1","V":"theme:1","W":"theme:1","X":"theme:1","Y":"theme:1","Z":"theme:1","AA":"theme:1","AB":"theme:1","AC":"theme:1","AD":"theme:1","AE":"theme:1","AF":"theme:1","AG":"theme:1"}', '2026-05-30T13:04:58', 'workbook-import');
INSERT INTO programs (id, country, row_number, band_key, fields_json, links_json, source_color, source_font_colors_json, source_colors_by_column_json, source_font_colors_by_column_json, updated_at, updated_by) VALUES ('germany-24', 'Germany', 24, 'waiting', '{"university":"University of Freiburg","course":"Computer Science","applied":"Yes","commentsRejectionReason":"","enrollmentDeadline":"","tuitionFeeEurosPerSem":"1500","dateApplied":"2026-04-25","applicationOpen":"2026-04-15","deadline":"2026-05-31","uniAssist":"","website":"","daad":"https://www2.daad.de/deutschland/studienangebote/international-programmes/en/detail/3736/"}', '[{"field":"daad","label":"DAAD","url":"https://www2.daad.de/deutschland/studienangebote/international-programmes/en/detail/3736/"}]', 'FFD9EAD3', '["FF0000FF","theme:1"]', '{"A":"FFD9EAD3","B":"FFD9EAD3","C":"FFD9EAD3","D":"FFD9EAD3","E":"FFD9EAD3","F":"FFD9EAD3","G":"FFD9EAD3","H":"FFD9EAD3","I":"FFD9EAD3","J":"FFD9EAD3","K":"FFD9EAD3","L":"FFD9EAD3"}', '{"A":"theme:1","B":"theme:1","C":"theme:1","D":"theme:1","E":"theme:1","F":"theme:1","G":"theme:1","H":"theme:1","I":"theme:1","J":"theme:1","K":"theme:1","L":"FF0000FF","M":"theme:1","N":"theme:1","O":"theme:1","P":"theme:1","Q":"theme:1","R":"theme:1","S":"theme:1","T":"theme:1","U":"theme:1","V":"theme:1","W":"theme:1","X":"theme:1","Y":"theme:1","Z":"theme:1","AA":"theme:1","AB":"theme:1","AC":"theme:1","AD":"theme:1","AE":"theme:1","AF":"theme:1","AG":"theme:1"}', '2026-05-30T13:04:58', 'workbook-import');
INSERT INTO programs (id, country, row_number, band_key, fields_json, links_json, source_color, source_font_colors_json, source_colors_by_column_json, source_font_colors_by_column_json, updated_at, updated_by) VALUES ('germany-25', 'Germany', 25, 'waiting', '{"university":"FAU applied science","course":"Artificial Intelligence","applied":"Yes","commentsRejectionReason":"","enrollmentDeadline":"","tuitionFeeEurosPerSem":"Free","dateApplied":"","applicationOpen":"2026-04-15","deadline":"2026-05-31","uniAssist":"","website":"","daad":"https://www2.daad.de/deutschland/studienangebote/international-programmes/en/detail/7657/"}', '[{"field":"daad","label":"DAAD","url":"https://www2.daad.de/deutschland/studienangebote/international-programmes/en/detail/7657/"}]', 'FFD9EAD3', '["FF0000FF","theme:1"]', '{"A":"FFD9EAD3","B":"FFD9EAD3","C":"FFD9EAD3","D":"FFD9EAD3","E":"FFD9EAD3","F":"FFD9EAD3","G":"FFD9EAD3","H":"FFD9EAD3","I":"FFD9EAD3","J":"FFD9EAD3","K":"FFD9EAD3","L":"FFD9EAD3"}', '{"A":"theme:1","B":"theme:1","C":"theme:1","D":"theme:1","E":"theme:1","F":"theme:1","G":"theme:1","H":"theme:1","I":"theme:1","J":"theme:1","K":"theme:1","L":"FF0000FF","M":"theme:1","N":"theme:1","O":"theme:1","P":"theme:1","Q":"theme:1","R":"theme:1","S":"theme:1","T":"theme:1","U":"theme:1","V":"theme:1","W":"theme:1","X":"theme:1","Y":"theme:1","Z":"theme:1","AA":"theme:1","AB":"theme:1","AC":"theme:1","AD":"theme:1","AE":"theme:1","AF":"theme:1","AG":"theme:1"}', '2026-05-30T13:04:58', 'workbook-import');
INSERT INTO programs (id, country, row_number, band_key, fields_json, links_json, source_color, source_font_colors_json, source_colors_by_column_json, source_font_colors_by_column_json, updated_at, updated_by) VALUES ('germany-26', 'Germany', 26, 'waiting', '{"university":"University of Passau","course":"Artificial Intelligence and Engineering","applied":"Yes","commentsRejectionReason":"","enrollmentDeadline":"","tuitionFeeEurosPerSem":"Free","dateApplied":"","applicationOpen":"2026-04-02","deadline":"2026-05-31","uniAssist":"Yes","website":"","daad":""}', '[]', 'FFD9EAD3', '["theme:1"]', '{"A":"FFD9EAD3","B":"FFD9EAD3","C":"FFD9EAD3","D":"FFD9EAD3","E":"FFD9EAD3","F":"FFD9EAD3","G":"FFD9EAD3","H":"FFD9EAD3","I":"FFD9EAD3","J":"FFD9EAD3","K":"FFD9EAD3","L":"FFD9EAD3"}', '{"A":"theme:1","B":"theme:1","C":"theme:1","D":"theme:1","E":"theme:1","F":"theme:1","G":"theme:1","H":"theme:1","I":"theme:1","J":"theme:1","K":"theme:1","L":"theme:1","M":"theme:1","N":"theme:1","O":"theme:1","P":"theme:1","Q":"theme:1","R":"theme:1","S":"theme:1","T":"theme:1","U":"theme:1","V":"theme:1","W":"theme:1","X":"theme:1","Y":"theme:1","Z":"theme:1","AA":"theme:1","AB":"theme:1","AC":"theme:1","AD":"theme:1","AE":"theme:1","AF":"theme:1","AG":"theme:1"}', '2026-05-30T13:04:58', 'workbook-import');
INSERT INTO programs (id, country, row_number, band_key, fields_json, links_json, source_color, source_font_colors_json, source_colors_by_column_json, source_font_colors_by_column_json, updated_at, updated_by) VALUES ('germany-27', 'Germany', 27, 'waiting', '{"university":"University of Technology Nuremberg","course":"Artificial Intelligence and Robotics","applied":"Yes","commentsRejectionReason":"","enrollmentDeadline":"","tuitionFeeEurosPerSem":"Free","dateApplied":"","applicationOpen":"","deadline":"2026-05-31","uniAssist":"Yes","website":"","daad":""}', '[]', 'FFD9EAD3', '["theme:1"]', '{"A":"FFD9EAD3","B":"FFD9EAD3","C":"FFD9EAD3","D":"FFD9EAD3","E":"FFD9EAD3","F":"FFD9EAD3","G":"FFD9EAD3","H":"FFD9EAD3","I":"FFD9EAD3","J":"FFD9EAD3","K":"FFD9EAD3","L":"FFD9EAD3","M":"FFFF9900","N":"FFFF9900","O":"FFFF9900","P":"FFFF9900","Q":"FFFF9900","R":"FFFF9900","S":"FFFF9900","T":"FFFF9900","U":"FFFF9900","V":"FFFF9900","W":"FFFF9900","X":"FFFF9900","Y":"FFFF9900","Z":"FFFF9900","AA":"FFFF9900","AB":"FFFF9900","AC":"FFFF9900","AD":"FFFF9900","AE":"FFFF9900","AF":"FFFF9900","AG":"FFFF9900"}', '{"A":"theme:1","B":"theme:1","C":"theme:1","D":"theme:1","E":"theme:1","F":"theme:1","G":"theme:1","H":"theme:1","I":"theme:1","J":"theme:1","K":"theme:1","L":"theme:1","M":"theme:1","N":"theme:1","O":"theme:1","P":"theme:1","Q":"theme:1","R":"theme:1","S":"theme:1","T":"theme:1","U":"theme:1","V":"theme:1","W":"theme:1","X":"theme:1","Y":"theme:1","Z":"theme:1","AA":"theme:1","AB":"theme:1","AC":"theme:1","AD":"theme:1","AE":"theme:1","AF":"theme:1","AG":"theme:1"}', '2026-05-30T13:04:58', 'workbook-import');
INSERT INTO programs (id, country, row_number, band_key, fields_json, links_json, source_color, source_font_colors_json, source_colors_by_column_json, source_font_colors_by_column_json, updated_at, updated_by) VALUES ('germany-28', 'Germany', 28, 'waiting', '{"university":"University of Münster","course":"Geoinformatics and Spatial Data Science","applied":"Yes","commentsRejectionReason":"","enrollmentDeadline":"","tuitionFeeEurosPerSem":"Free","dateApplied":"2026-05-09","applicationOpen":"","deadline":"2026-05-31","uniAssist":"","website":"","daad":""}', '[]', 'FFD9EAD3', '["theme:1"]', '{"A":"FFD9EAD3","B":"FFD9EAD3","C":"FFD9EAD3","D":"FFD9EAD3","E":"FFD9EAD3","F":"FFD9EAD3","G":"FFD9EAD3","H":"FFD9EAD3","I":"FFD9EAD3","J":"FFD9EAD3","K":"FFD9EAD3","L":"FFD9EAD3"}', '{"A":"theme:1","B":"theme:1","C":"theme:1","D":"theme:1","E":"theme:1","F":"theme:1","G":"theme:1","H":"theme:1","I":"theme:1","J":"theme:1","K":"theme:1","L":"theme:1","M":"theme:1","N":"theme:1","O":"theme:1","P":"theme:1","Q":"theme:1","R":"theme:1","S":"theme:1","T":"theme:1","U":"theme:1","V":"theme:1","W":"theme:1","X":"theme:1","Y":"theme:1","Z":"theme:1","AA":"theme:1","AB":"theme:1","AC":"theme:1","AD":"theme:1","AE":"theme:1","AF":"theme:1","AG":"theme:1"}', '2026-05-30T13:04:58', 'workbook-import');
INSERT INTO programs (id, country, row_number, band_key, fields_json, links_json, source_color, source_font_colors_json, source_colors_by_column_json, source_font_colors_by_column_json, updated_at, updated_by) VALUES ('germany-29', 'Germany', 29, 'waiting', '{"university":"University of Siegen","course":"Computer Science(Complex and Intelligent Software Systems)","applied":"Yes","commentsRejectionReason":"","enrollmentDeadline":"","tuitionFeeEurosPerSem":"Free","dateApplied":"2026-03-14","applicationOpen":"","deadline":"2026-05-31","uniAssist":"","website":"","daad":""}', '[]', 'FFD9EAD3', '["theme:1"]', '{"A":"FFD9EAD3","B":"FFD9EAD3","C":"FFD9EAD3","D":"FFD9EAD3","E":"FFD9EAD3","F":"FFD9EAD3","G":"FFD9EAD3","H":"FFD9EAD3","I":"FFD9EAD3","J":"FFD9EAD3","K":"FFD9EAD3","L":"FFD9EAD3"}', '{"A":"theme:1","B":"theme:1","C":"theme:1","D":"theme:1","E":"theme:1","F":"theme:1","G":"theme:1","H":"theme:1","I":"theme:1","J":"theme:1","K":"theme:1","L":"theme:1","M":"FF000000","N":"FF000000","O":"FF000000","P":"FF000000","Q":"FF000000","R":"FF000000","S":"FF000000","T":"FF000000","U":"FF000000","V":"FF000000","W":"FF000000","X":"FF000000","Y":"FF000000","Z":"FF000000","AA":"FF000000","AB":"FF000000","AC":"FF000000","AD":"FF000000","AE":"FF000000","AF":"FF000000","AG":"FF000000"}', '2026-05-30T13:04:58', 'workbook-import');
INSERT INTO programs (id, country, row_number, band_key, fields_json, links_json, source_color, source_font_colors_json, source_colors_by_column_json, source_font_colors_by_column_json, updated_at, updated_by) VALUES ('germany-30', 'Germany', 30, 'waiting', '{"university":"University of Potsdam","course":"Computer Science","applied":"Yes","commentsRejectionReason":"","enrollmentDeadline":"","tuitionFeeEurosPerSem":"Free","dateApplied":"","applicationOpen":"","deadline":"2026-06-01","uniAssist":"Yes","website":"","daad":""}', '[]', 'FFD9EAD3', '["theme:1"]', '{"A":"FFD9EAD3","B":"FFD9EAD3","C":"FFD9EAD3","D":"FFD9EAD3","E":"FFD9EAD3","F":"FFD9EAD3","G":"FFD9EAD3","H":"FFD9EAD3","I":"FFD9EAD3","J":"FFD9EAD3","K":"FFD9EAD3","L":"FFD9EAD3","M":"FFD9EAD3","N":"FFD9EAD3","O":"FFD9EAD3","P":"FFD9EAD3","Q":"FFD9EAD3","R":"FFD9EAD3","S":"FFD9EAD3","T":"FFD9EAD3","U":"FFD9EAD3","V":"FFD9EAD3","W":"FFD9EAD3","X":"FFD9EAD3","Y":"FFD9EAD3","Z":"FFD9EAD3","AA":"FFD9EAD3","AB":"FFD9EAD3","AC":"FFD9EAD3","AD":"FFD9EAD3","AE":"FFD9EAD3","AF":"FFD9EAD3","AG":"FFD9EAD3"}', '{"A":"theme:1","B":"theme:1","C":"theme:1","D":"theme:1","E":"theme:1","F":"theme:1","G":"theme:1","H":"theme:1","I":"theme:1","J":"theme:1","K":"theme:1","L":"theme:1","M":"theme:1","N":"theme:1","O":"theme:1","P":"theme:1","Q":"theme:1","R":"theme:1","S":"theme:1","T":"theme:1","U":"theme:1","V":"theme:1","W":"theme:1","X":"theme:1","Y":"theme:1","Z":"theme:1","AA":"theme:1","AB":"theme:1","AC":"theme:1","AD":"theme:1","AE":"theme:1","AF":"theme:1","AG":"theme:1"}', '2026-05-30T13:04:58', 'workbook-import');
INSERT INTO programs (id, country, row_number, band_key, fields_json, links_json, source_color, source_font_colors_json, source_colors_by_column_json, source_font_colors_by_column_json, updated_at, updated_by) VALUES ('germany-31', 'Germany', 31, 'waiting', '{"university":"Universität Koblenz","course":"Web and Data Science","applied":"Yes","commentsRejectionReason":"","enrollmentDeadline":"","tuitionFeeEurosPerSem":"Free","dateApplied":"","applicationOpen":"","deadline":"2026-06-15","uniAssist":"","website":"","daad":""}', '[]', 'FFD9EAD3', '["theme:1"]', '{"A":"FFD9EAD3","B":"FFD9EAD3","C":"FFD9EAD3","D":"FFD9EAD3","E":"FFD9EAD3","F":"FFD9EAD3","G":"FFD9EAD3","H":"FFD9EAD3","I":"FFD9EAD3","J":"FFD9EAD3","K":"FFD9EAD3","L":"FFD9EAD3","M":"FFD9EAD3","N":"FFD9EAD3","O":"FFD9EAD3","P":"FFD9EAD3","Q":"FFD9EAD3","R":"FFD9EAD3","S":"FFD9EAD3","T":"FFD9EAD3","U":"FFD9EAD3","V":"FFD9EAD3","W":"FFD9EAD3","X":"FFD9EAD3","Y":"FFD9EAD3","Z":"FFD9EAD3","AA":"FFD9EAD3","AB":"FFD9EAD3","AC":"FFD9EAD3","AD":"FFD9EAD3","AE":"FFD9EAD3","AF":"FFD9EAD3","AG":"FFD9EAD3"}', '{"A":"theme:1","B":"theme:1","C":"theme:1","D":"theme:1","E":"theme:1","F":"theme:1","G":"theme:1","H":"theme:1","I":"theme:1","J":"theme:1","K":"theme:1","L":"theme:1","M":"theme:1","N":"theme:1","O":"theme:1","P":"theme:1","Q":"theme:1","R":"theme:1","S":"theme:1","T":"theme:1","U":"theme:1","V":"theme:1","W":"theme:1","X":"theme:1","Y":"theme:1","Z":"theme:1","AA":"theme:1","AB":"theme:1","AC":"theme:1","AD":"theme:1","AE":"theme:1","AF":"theme:1","AG":"theme:1"}', '2026-05-30T13:04:58', 'workbook-import');
INSERT INTO programs (id, country, row_number, band_key, fields_json, links_json, source_color, source_font_colors_json, source_colors_by_column_json, source_font_colors_by_column_json, updated_at, updated_by) VALUES ('germany-32', 'Germany', 32, 'waiting', '{"university":"Hildesheim","course":"Data Analytics","applied":"Yes","commentsRejectionReason":"","enrollmentDeadline":"","tuitionFeeEurosPerSem":"Free","dateApplied":"2026-05-01","applicationOpen":"","deadline":"2026-06-30","uniAssist":"","website":"","daad":""}', '[]', 'FFD9EAD3', '["theme:1"]', '{"A":"FFD9EAD3","B":"FFD9EAD3","C":"FFD9EAD3","D":"FFD9EAD3","E":"FFD9EAD3","F":"FFD9EAD3","G":"FFD9EAD3","H":"FFD9EAD3","I":"FFD9EAD3","J":"FFD9EAD3","K":"FFD9EAD3","L":"FFD9EAD3","M":"FFD9EAD3","N":"FFD9EAD3","O":"FFD9EAD3","P":"FFD9EAD3","Q":"FFD9EAD3","R":"FFD9EAD3","S":"FFD9EAD3","T":"FFD9EAD3","U":"FFD9EAD3","V":"FFD9EAD3","W":"FFD9EAD3","X":"FFD9EAD3","Y":"FFD9EAD3","Z":"FFD9EAD3","AA":"FFD9EAD3","AB":"FFD9EAD3","AC":"FFD9EAD3","AD":"FFD9EAD3","AE":"FFD9EAD3","AF":"FFD9EAD3","AG":"FFD9EAD3"}', '{"A":"theme:1","B":"theme:1","C":"theme:1","D":"theme:1","E":"theme:1","F":"theme:1","G":"theme:1","H":"theme:1","I":"theme:1","J":"theme:1","K":"theme:1","L":"theme:1","M":"theme:1","N":"theme:1","O":"theme:1","P":"theme:1","Q":"theme:1","R":"theme:1","S":"theme:1","T":"theme:1","U":"theme:1","V":"theme:1","W":"theme:1","X":"theme:1","Y":"theme:1","Z":"theme:1","AA":"theme:1","AB":"theme:1","AC":"theme:1","AD":"theme:1","AE":"theme:1","AF":"theme:1","AG":"theme:1"}', '2026-05-30T13:04:58', 'workbook-import');
INSERT INTO programs (id, country, row_number, band_key, fields_json, links_json, source_color, source_font_colors_json, source_colors_by_column_json, source_font_colors_by_column_json, updated_at, updated_by) VALUES ('germany-33', 'Germany', 33, 'waiting', '{"university":"Hildesheim","course":"Software Engineering","applied":"Yes","commentsRejectionReason":"","enrollmentDeadline":"","tuitionFeeEurosPerSem":"Free","dateApplied":"2026-05-01","applicationOpen":"","deadline":"2026-06-30","uniAssist":"","website":"","daad":""}', '[]', 'FFD9EAD3', '["theme:1"]', '{"A":"FFD9EAD3","B":"FFD9EAD3","C":"FFD9EAD3","D":"FFD9EAD3","E":"FFD9EAD3","F":"FFD9EAD3","G":"FFD9EAD3","H":"FFD9EAD3","I":"FFD9EAD3","J":"FFD9EAD3","K":"FFD9EAD3","L":"FFD9EAD3"}', '{"A":"theme:1","B":"theme:1","C":"theme:1","D":"theme:1","E":"theme:1","F":"theme:1","G":"theme:1","H":"theme:1","I":"theme:1","J":"theme:1","K":"theme:1","L":"theme:1","M":"theme:1","N":"theme:1","O":"theme:1","P":"theme:1","Q":"theme:1","R":"theme:1","S":"theme:1","T":"theme:1","U":"theme:1","V":"theme:1","W":"theme:1","X":"theme:1","Y":"theme:1","Z":"theme:1","AA":"theme:1","AB":"theme:1","AC":"theme:1","AD":"theme:1","AE":"theme:1","AF":"theme:1","AG":"theme:1"}', '2026-05-30T13:04:58', 'workbook-import');
INSERT INTO programs (id, country, row_number, band_key, fields_json, links_json, source_color, source_font_colors_json, source_colors_by_column_json, source_font_colors_by_column_json, updated_at, updated_by) VALUES ('germany-34', 'Germany', 34, 'waiting', '{"university":"Marburg University","course":"Data Science","applied":"Yes","commentsRejectionReason":"","enrollmentDeadline":"","tuitionFeeEurosPerSem":"Free","dateApplied":"2026-05-02","applicationOpen":"2026-05-15","deadline":"2026-07-15","uniAssist":"Yes","website":"","daad":""}', '[]', 'FFD9EAD3', '["theme:1"]', '{"A":"FFD9EAD3","B":"FFD9EAD3","C":"FFD9EAD3","D":"FFD9EAD3","E":"FFD9EAD3","F":"FFD9EAD3","G":"FFD9EAD3","H":"FFD9EAD3","I":"FFD9EAD3","J":"FFD9EAD3","K":"FFD9EAD3","L":"FFD9EAD3","M":"FFD9EAD3","N":"FFD9EAD3","O":"FFD9EAD3","P":"FFD9EAD3","Q":"FFD9EAD3","R":"FFD9EAD3","S":"FFD9EAD3","T":"FFD9EAD3","U":"FFD9EAD3","V":"FFD9EAD3","W":"FFD9EAD3","X":"FFD9EAD3","Y":"FFD9EAD3","Z":"FFD9EAD3","AA":"FFD9EAD3","AB":"FFD9EAD3","AC":"FFD9EAD3","AD":"FFD9EAD3","AE":"FFD9EAD3","AF":"FFD9EAD3","AG":"FFD9EAD3"}', '{"A":"theme:1","B":"theme:1","C":"theme:1","D":"theme:1","E":"theme:1","F":"theme:1","G":"theme:1","H":"theme:1","I":"theme:1","J":"theme:1","K":"theme:1","L":"theme:1","M":"theme:1","N":"theme:1","O":"theme:1","P":"theme:1","Q":"theme:1","R":"theme:1","S":"theme:1","T":"theme:1","U":"theme:1","V":"theme:1","W":"theme:1","X":"theme:1","Y":"theme:1","Z":"theme:1","AA":"theme:1","AB":"theme:1","AC":"theme:1","AD":"theme:1","AE":"theme:1","AF":"theme:1","AG":"theme:1"}', '2026-05-30T13:04:58', 'workbook-import');
INSERT INTO programs (id, country, row_number, band_key, fields_json, links_json, source_color, source_font_colors_json, source_colors_by_column_json, source_font_colors_by_column_json, updated_at, updated_by) VALUES ('germany-35', 'Germany', 35, 'waiting', '{"university":"3 unis","course":"Software Engineering (elite)","applied":"Yes","commentsRejectionReason":"","enrollmentDeadline":"","tuitionFeeEurosPerSem":"Free","dateApplied":"","applicationOpen":"","deadline":"2026-07-15","uniAssist":"","website":"https://swt.informatik.uni-augsburg.de/elite/se/","daad":""}', '[{"field":"website","label":"Website","url":"https://swt.informatik.uni-augsburg.de/elite/se/"}]', 'FFD9EAD3', '["FF0000FF","theme:1"]', '{"A":"FFD9EAD3","B":"FFD9EAD3","C":"FFD9EAD3","D":"FFD9EAD3","E":"FFD9EAD3","F":"FFD9EAD3","G":"FFD9EAD3","H":"FFD9EAD3","I":"FFD9EAD3","J":"FFD9EAD3","K":"FFD9EAD3","L":"FFD9EAD3"}', '{"A":"theme:1","B":"theme:1","C":"theme:1","D":"theme:1","E":"theme:1","F":"theme:1","G":"theme:1","H":"theme:1","I":"theme:1","J":"theme:1","K":"FF0000FF","L":"theme:1","M":"theme:1","N":"theme:1","O":"theme:1","P":"theme:1","Q":"theme:1","R":"theme:1","S":"theme:1","T":"theme:1","U":"theme:1","V":"theme:1","W":"theme:1","X":"theme:1","Y":"theme:1","Z":"theme:1","AA":"theme:1","AB":"theme:1","AC":"theme:1","AD":"theme:1","AE":"theme:1","AF":"theme:1","AG":"theme:1"}', '2026-05-30T13:04:58', 'workbook-import');
INSERT INTO programs (id, country, row_number, band_key, fields_json, links_json, source_color, source_font_colors_json, source_colors_by_column_json, source_font_colors_by_column_json, updated_at, updated_by) VALUES ('germany-36', 'Germany', 36, 'waiting', '{"university":"University of Konstanz","course":"Social and Economic Data Science","applied":"Yes","commentsRejectionReason":"","enrollmentDeadline":"","tuitionFeeEurosPerSem":"1500","dateApplied":"2026-03-31","applicationOpen":"","deadline":"2026-05-30","uniAssist":"","website":"","daad":""}', '[]', 'FFD9EAD3', '["theme:1"]', '{"A":"FFD9EAD3","B":"FFD9EAD3","C":"FFD9EAD3","D":"FFD9EAD3","E":"FFD9EAD3","F":"FFD9EAD3","G":"FFD9EAD3","H":"FFD9EAD3","I":"FFD9EAD3","J":"FFD9EAD3","K":"FFD9EAD3","L":"FFD9EAD3","M":"FFFF9900","N":"FFFF9900","O":"FFFF9900","P":"FFFF9900","Q":"FFFF9900","R":"FFFF9900","S":"FFFF9900","T":"FFFF9900","U":"FFFF9900","V":"FFFF9900","W":"FFFF9900","X":"FFFF9900","Y":"FFFF9900","Z":"FFFF9900","AA":"FFFF9900","AB":"FFFF9900","AC":"FFFF9900","AD":"FFFF9900","AE":"FFFF9900","AF":"FFFF9900","AG":"FFFF9900"}', '{"A":"theme:1","B":"theme:1","C":"theme:1","D":"theme:1","E":"theme:1","F":"theme:1","G":"theme:1","H":"theme:1","I":"theme:1","J":"theme:1","K":"theme:1","L":"theme:1","M":"theme:1","N":"theme:1","O":"theme:1","P":"theme:1","Q":"theme:1","R":"theme:1","S":"theme:1","T":"theme:1","U":"theme:1","V":"theme:1","W":"theme:1","X":"theme:1","Y":"theme:1","Z":"theme:1","AA":"theme:1","AB":"theme:1","AC":"theme:1","AD":"theme:1","AE":"theme:1","AF":"theme:1","AG":"theme:1"}', '2026-05-30T13:04:58', 'workbook-import');
INSERT INTO programs (id, country, row_number, band_key, fields_json, links_json, source_color, source_font_colors_json, source_colors_by_column_json, source_font_colors_by_column_json, updated_at, updated_by) VALUES ('germany-37', 'Germany', 37, 'waiting', '{"university":"Neu-Ulm UAS","course":"Artificial Intelligence and Data Analytics","applied":"Yes (without 50 euros fee + vpd)","commentsRejectionReason":"","enrollmentDeadline":"","tuitionFeeEurosPerSem":"Free","dateApplied":"2026-05-03","applicationOpen":"","deadline":"2026-07-15","uniAssist":"VPD","website":"","daad":""}', '[]', 'FFD9EAD3', '["theme:1"]', '{"A":"FFD9EAD3","B":"FFD9EAD3","C":"FFD9EAD3","D":"FFD9EAD3","E":"FFD9EAD3","F":"FFD9EAD3","G":"FFD9EAD3","H":"FFD9EAD3","I":"FFD9EAD3","J":"FFD9EAD3","K":"FFD9EAD3","L":"FFD9EAD3","M":"FFD9EAD3","N":"FFD9EAD3","O":"FFD9EAD3","P":"FFD9EAD3","Q":"FFD9EAD3","R":"FFD9EAD3","S":"FFD9EAD3","T":"FFD9EAD3","U":"FFD9EAD3","V":"FFD9EAD3","W":"FFD9EAD3","X":"FFD9EAD3","Y":"FFD9EAD3","Z":"FFD9EAD3","AA":"FFD9EAD3","AB":"FFD9EAD3","AC":"FFD9EAD3","AD":"FFD9EAD3","AE":"FFD9EAD3","AF":"FFD9EAD3","AG":"FFD9EAD3"}', '{"A":"theme:1","B":"theme:1","C":"theme:1","D":"theme:1","E":"theme:1","F":"theme:1","G":"theme:1","H":"theme:1","I":"theme:1","J":"theme:1","K":"theme:1","L":"theme:1","M":"FFFF0000","N":"FFFF0000","O":"FFFF0000","P":"FFFF0000","Q":"FFFF0000","R":"FFFF0000","S":"FFFF0000","T":"FFFF0000","U":"FFFF0000","V":"FFFF0000","W":"FFFF0000","X":"FFFF0000","Y":"FFFF0000","Z":"FFFF0000","AA":"FFFF0000","AB":"FFFF0000","AC":"FFFF0000","AD":"FFFF0000","AE":"FFFF0000","AF":"FFFF0000","AG":"FFFF0000"}', '2026-05-30T13:04:58', 'workbook-import');
INSERT INTO programs (id, country, row_number, band_key, fields_json, links_json, source_color, source_font_colors_json, source_colors_by_column_json, source_font_colors_by_column_json, updated_at, updated_by) VALUES ('germany-38', 'Germany', 38, 'waiting', '{"university":"JMU Wurzburg","course":"Artificial Intelligence for Extended Reality","applied":"Yes(applied with VPD receipt)","commentsRejectionReason":"","enrollmentDeadline":"","tuitionFeeEurosPerSem":"Free","dateApplied":"2026-03-12","applicationOpen":"","deadline":"2026-03-15","uniAssist":"VPD","website":"","daad":""}', '[]', 'FFD9EAD3', '["theme:1"]', '{"A":"FFD9EAD3","B":"FFD9EAD3","C":"FFD9EAD3","D":"FFD9EAD3","E":"FFD9EAD3","F":"FFD9EAD3","G":"FFD9EAD3","H":"FFD9EAD3","I":"FFD9EAD3","J":"FFD9EAD3","K":"FFD9EAD3","L":"FFD9EAD3","M":"FFD9EAD3","N":"FFD9EAD3","O":"FFD9EAD3","P":"FFD9EAD3","Q":"FFD9EAD3","R":"FFD9EAD3","S":"FFD9EAD3","T":"FFD9EAD3","U":"FFD9EAD3","V":"FFD9EAD3","W":"FFD9EAD3","X":"FFD9EAD3","Y":"FFD9EAD3","Z":"FFD9EAD3","AA":"FFD9EAD3","AB":"FFD9EAD3","AC":"FFD9EAD3","AD":"FFD9EAD3","AE":"FFD9EAD3","AF":"FFD9EAD3","AG":"FFD9EAD3"}', '{"A":"theme:1","B":"theme:1","C":"theme:1","D":"theme:1","E":"theme:1","F":"theme:1","G":"theme:1","H":"theme:1","I":"theme:1","J":"theme:1","K":"theme:1","L":"theme:1","M":"FFFF0000","N":"FFFF0000","O":"FFFF0000","P":"FFFF0000","Q":"FFFF0000","R":"FFFF0000","S":"FFFF0000","T":"FFFF0000","U":"FFFF0000","V":"FFFF0000","W":"FFFF0000","X":"FFFF0000","Y":"FFFF0000","Z":"FFFF0000","AA":"FFFF0000","AB":"FFFF0000","AC":"FFFF0000","AD":"FFFF0000","AE":"FFFF0000","AF":"FFFF0000","AG":"FFFF0000"}', '2026-05-30T13:04:58', 'workbook-import');
INSERT INTO programs (id, country, row_number, band_key, fields_json, links_json, source_color, source_font_colors_json, source_colors_by_column_json, source_font_colors_by_column_json, updated_at, updated_by) VALUES ('germany-39', 'Germany', 39, 'waiting', '{"university":"Heidelberg University","course":"Mathematics of Machine Learning and Data Science","applied":"Yes(but 2nd sem)","commentsRejectionReason":"","enrollmentDeadline":"","tuitionFeeEurosPerSem":"1500","dateApplied":"","applicationOpen":"","deadline":"2026-05-15","uniAssist":"","website":"","daad":""}', '[]', 'FFD9EAD3', '["theme:1"]', '{"A":"FFD9EAD3","B":"FFD9EAD3","C":"FFD9EAD3","D":"FFD9EAD3","E":"FFD9EAD3","F":"FFD9EAD3","G":"FFD9EAD3","H":"FFD9EAD3","I":"FFD9EAD3","J":"FFD9EAD3","K":"FFD9EAD3","L":"FFD9EAD3","M":"FFD9EAD3","N":"FFD9EAD3","O":"FFD9EAD3","P":"FFD9EAD3","Q":"FFD9EAD3","R":"FFD9EAD3","S":"FFD9EAD3","T":"FFD9EAD3","U":"FFD9EAD3","V":"FFD9EAD3","W":"FFD9EAD3","X":"FFD9EAD3","Y":"FFD9EAD3","Z":"FFD9EAD3","AA":"FFD9EAD3","AB":"FFD9EAD3","AC":"FFD9EAD3","AD":"FFD9EAD3","AE":"FFD9EAD3","AF":"FFD9EAD3","AG":"FFD9EAD3"}', '{"A":"theme:1","B":"theme:1","C":"theme:1","D":"theme:1","E":"theme:1","F":"theme:1","G":"theme:1","H":"theme:1","I":"theme:1","J":"theme:1","K":"theme:1","L":"theme:1","M":"theme:1","N":"theme:1","O":"theme:1","P":"theme:1","Q":"theme:1","R":"theme:1","S":"theme:1","T":"theme:1","U":"theme:1","V":"theme:1","W":"theme:1","X":"theme:1","Y":"theme:1","Z":"theme:1","AA":"theme:1","AB":"theme:1","AC":"theme:1","AD":"theme:1","AE":"theme:1","AF":"theme:1","AG":"theme:1"}', '2026-05-30T13:04:58', 'workbook-import');
INSERT INTO programs (id, country, row_number, band_key, fields_json, links_json, source_color, source_font_colors_json, source_colors_by_column_json, source_font_colors_by_column_json, updated_at, updated_by) VALUES ('germany-40', 'Germany', 40, 'waiting', '{"university":"Deggendorf","course":"MEng Artificial Intelligence for Smart Sensors and Actuators","applied":"Yes(without 60 fee and syllabus & req)","commentsRejectionReason":"","enrollmentDeadline":"","tuitionFeeEurosPerSem":"Free","dateApplied":"","applicationOpen":"2026-04-15","deadline":"2026-06-15","uniAssist":"","website":"","daad":""}', '[]', 'FFD9EAD3', '["theme:1"]', '{"A":"FFD9EAD3","B":"FFD9EAD3","C":"FFD9EAD3","D":"FFD9EAD3","E":"FFD9EAD3","F":"FFD9EAD3","G":"FFD9EAD3","H":"FFD9EAD3","I":"FFD9EAD3","J":"FFD9EAD3","K":"FFD9EAD3","L":"FFD9EAD3"}', '{"A":"theme:1","B":"theme:1","C":"theme:1","D":"theme:1","E":"theme:1","F":"theme:1","G":"theme:1","H":"theme:1","I":"theme:1","J":"theme:1","K":"theme:1","L":"theme:1","M":"theme:1","N":"theme:1","O":"theme:1","P":"theme:1","Q":"theme:1","R":"theme:1","S":"theme:1","T":"theme:1","U":"theme:1","V":"theme:1","W":"theme:1","X":"theme:1","Y":"theme:1","Z":"theme:1","AA":"theme:1","AB":"theme:1","AC":"theme:1","AD":"theme:1","AE":"theme:1","AF":"theme:1","AG":"theme:1"}', '2026-05-30T13:04:58', 'workbook-import');
INSERT INTO programs (id, country, row_number, band_key, fields_json, links_json, source_color, source_font_colors_json, source_colors_by_column_json, source_font_colors_by_column_json, updated_at, updated_by) VALUES ('germany-41', 'Germany', 41, 'waiting', '{"university":"Deggendorf","course":"Applied Al for Digital Production Management","applied":"Yes(without 60 fee and syllabus & req)","commentsRejectionReason":"","enrollmentDeadline":"","tuitionFeeEurosPerSem":"Free","dateApplied":"","applicationOpen":"2026-04-15","deadline":"2026-06-15","uniAssist":"","website":"","daad":""}', '[]', 'FFD9EAD3', '["theme:1"]', '{"A":"FFD9EAD3","B":"FFD9EAD3","C":"FFD9EAD3","D":"FFD9EAD3","E":"FFD9EAD3","F":"FFD9EAD3","G":"FFD9EAD3","H":"FFD9EAD3","I":"FFD9EAD3","J":"FFD9EAD3","K":"FFD9EAD3","L":"FFD9EAD3"}', '{"A":"theme:1","B":"theme:1","C":"theme:1","D":"theme:1","E":"theme:1","F":"theme:1","G":"theme:1","H":"theme:1","I":"theme:1","J":"theme:1","K":"theme:1","L":"theme:1","M":"theme:1","N":"theme:1","O":"theme:1","P":"theme:1","Q":"theme:1","R":"theme:1","S":"theme:1","T":"theme:1","U":"theme:1","V":"theme:1","W":"theme:1","X":"theme:1","Y":"theme:1","Z":"theme:1","AA":"theme:1","AB":"theme:1","AC":"theme:1","AD":"theme:1","AE":"theme:1","AF":"theme:1","AG":"theme:1"}', '2026-05-30T13:04:58', 'workbook-import');
INSERT INTO programs (id, country, row_number, band_key, fields_json, links_json, source_color, source_font_colors_json, source_colors_by_column_json, source_font_colors_by_column_json, updated_at, updated_by) VALUES ('germany-42', 'Germany', 42, 'waiting', '{"university":"Deggendorf","course":"Applied Computer Science","applied":"Yes(without 60 fee and syllabus & req)","commentsRejectionReason":"","enrollmentDeadline":"","tuitionFeeEurosPerSem":"Free","dateApplied":"","applicationOpen":"2026-04-15","deadline":"2026-06-15","uniAssist":"","website":"","daad":""}', '[]', 'FFD9EAD3', '["theme:1"]', '{"A":"FFD9EAD3","B":"FFD9EAD3","C":"FFD9EAD3","D":"FFD9EAD3","E":"FFD9EAD3","F":"FFD9EAD3","G":"FFD9EAD3","H":"FFD9EAD3","I":"FFD9EAD3","J":"FFD9EAD3","K":"FFD9EAD3","L":"FFD9EAD3","M":"FFFF9900","N":"FFFF9900","O":"FFFF9900","P":"FFFF9900","Q":"FFFF9900","R":"FFFF9900","S":"FFFF9900","T":"FFFF9900","U":"FFFF9900","V":"FFFF9900","W":"FFFF9900","X":"FFFF9900","Y":"FFFF9900","Z":"FFFF9900","AA":"FFFF9900","AB":"FFFF9900","AC":"FFFF9900","AD":"FFFF9900","AE":"FFFF9900","AF":"FFFF9900","AG":"FFFF9900"}', '{"A":"theme:1","B":"theme:1","C":"theme:1","D":"theme:1","E":"theme:1","F":"theme:1","G":"theme:1","H":"theme:1","I":"theme:1","J":"theme:1","K":"theme:1","L":"theme:1","M":"theme:1","N":"theme:1","O":"theme:1","P":"theme:1","Q":"theme:1","R":"theme:1","S":"theme:1","T":"theme:1","U":"theme:1","V":"theme:1","W":"theme:1","X":"theme:1","Y":"theme:1","Z":"theme:1","AA":"theme:1","AB":"theme:1","AC":"theme:1","AD":"theme:1","AE":"theme:1","AF":"theme:1","AG":"theme:1"}', '2026-05-30T13:04:58', 'workbook-import');
INSERT INTO programs (id, country, row_number, band_key, fields_json, links_json, source_color, source_font_colors_json, source_colors_by_column_json, source_font_colors_by_column_json, updated_at, updated_by) VALUES ('germany-43', 'Germany', 43, 'waiting', '{"university":"Coburg UAS","course":"Data Science","applied":"Yes(without German&VPD)","commentsRejectionReason":"","enrollmentDeadline":"","tuitionFeeEurosPerSem":"","dateApplied":"","applicationOpen":"","deadline":"","uniAssist":"","website":"","daad":""}', '[]', 'FFD9EAD3', '["FF000000"]', '{"A":"FFD9EAD3","B":"FFD9EAD3","C":"FFD9EAD3","D":"FFD9EAD3","E":"FFD9EAD3","F":"FFD9EAD3","G":"FFD9EAD3","H":"FFD9EAD3","I":"FFD9EAD3","J":"FFD9EAD3","K":"FFD9EAD3","L":"FFD9EAD3"}', '{"A":"FF000000","B":"FF000000","C":"FF000000","D":"FF000000","E":"FF000000","F":"FF000000","G":"FF000000","H":"FF000000","I":"FF000000","J":"FF000000","K":"FF000000","L":"FF000000","M":"theme:1","N":"theme:1","O":"theme:1","P":"theme:1","Q":"theme:1","R":"theme:1","S":"theme:1","T":"theme:1","U":"theme:1","V":"theme:1","W":"theme:1","X":"theme:1","Y":"theme:1","Z":"theme:1","AA":"theme:1","AB":"theme:1","AC":"theme:1","AD":"theme:1","AE":"theme:1","AF":"theme:1","AG":"theme:1"}', '2026-05-30T13:04:58', 'workbook-import');
INSERT INTO programs (id, country, row_number, band_key, fields_json, links_json, source_color, source_font_colors_json, source_colors_by_column_json, source_font_colors_by_column_json, updated_at, updated_by) VALUES ('germany-44', 'Germany', 44, 'waiting', '{"university":"University of Bonn","course":"Computer Science","applied":"Yes","commentsRejectionReason":"","enrollmentDeadline":"","tuitionFeeEurosPerSem":"Free","dateApplied":"2026-05-16","applicationOpen":"2026-05-15","deadline":"2026-05-01","uniAssist":"","website":"","daad":""}', '[]', 'FFD9EAD3', '["theme:1"]', '{"A":"FFD9EAD3","B":"FFD9EAD3","C":"FFD9EAD3","D":"FFD9EAD3","E":"FFD9EAD3","F":"FFD9EAD3","G":"FFD9EAD3","H":"FFD9EAD3","I":"FFD9EAD3","J":"FFD9EAD3","K":"FFD9EAD3","L":"FFD9EAD3"}', '{"A":"theme:1","B":"theme:1","C":"theme:1","D":"theme:1","E":"theme:1","F":"theme:1","G":"theme:1","H":"theme:1","I":"theme:1","J":"theme:1","K":"theme:1","L":"theme:1","M":"FFFF0000","N":"FFFF0000","O":"FFFF0000","P":"FFFF0000","Q":"FFFF0000","R":"FFFF0000","S":"FFFF0000","T":"FFFF0000","U":"FFFF0000","V":"FFFF0000","W":"FFFF0000","X":"FFFF0000","Y":"FFFF0000","Z":"FFFF0000","AA":"FFFF0000","AB":"FFFF0000","AC":"FFFF0000","AD":"FFFF0000","AE":"FFFF0000","AF":"FFFF0000","AG":"FFFF0000"}', '2026-05-30T13:04:58', 'workbook-import');
INSERT INTO programs (id, country, row_number, band_key, fields_json, links_json, source_color, source_font_colors_json, source_colors_by_column_json, source_font_colors_by_column_json, updated_at, updated_by) VALUES ('germany-45', 'Germany', 45, 'waiting', '{"university":"University of Bonn","course":"AI","applied":"Yes","commentsRejectionReason":"","enrollmentDeadline":"","tuitionFeeEurosPerSem":"Free","dateApplied":"2026-05-16","applicationOpen":"2026-05-15","deadline":"2026-05-01","uniAssist":"","website":"","daad":""}', '[]', 'FFD9EAD3', '["theme:1"]', '{"A":"FFD9EAD3","B":"FFD9EAD3","C":"FFD9EAD3","D":"FFD9EAD3","E":"FFD9EAD3","F":"FFD9EAD3","G":"FFD9EAD3","H":"FFD9EAD3","I":"FFD9EAD3","J":"FFD9EAD3","K":"FFD9EAD3","L":"FFD9EAD3","M":"FFD9EAD3","N":"FFD9EAD3","O":"FFD9EAD3","P":"FFD9EAD3","Q":"FFD9EAD3","R":"FFD9EAD3","S":"FFD9EAD3","T":"FFD9EAD3","U":"FFD9EAD3","V":"FFD9EAD3","W":"FFD9EAD3","X":"FFD9EAD3","Y":"FFD9EAD3","Z":"FFD9EAD3","AA":"FFD9EAD3","AB":"FFD9EAD3","AC":"FFD9EAD3","AD":"FFD9EAD3","AE":"FFD9EAD3","AF":"FFD9EAD3","AG":"FFD9EAD3"}', '{"A":"theme:1","B":"theme:1","C":"theme:1","D":"theme:1","E":"theme:1","F":"theme:1","G":"theme:1","H":"theme:1","I":"theme:1","J":"theme:1","K":"theme:1","L":"theme:1","M":"theme:1","N":"theme:1","O":"theme:1","P":"theme:1","Q":"theme:1","R":"theme:1","S":"theme:1","T":"theme:1","U":"theme:1","V":"theme:1","W":"theme:1","X":"theme:1","Y":"theme:1","Z":"theme:1","AA":"theme:1","AB":"theme:1","AC":"theme:1","AD":"theme:1","AE":"theme:1","AF":"theme:1","AG":"theme:1"}', '2026-05-30T13:04:58', 'workbook-import');
INSERT INTO programs (id, country, row_number, band_key, fields_json, links_json, source_color, source_font_colors_json, source_colors_by_column_json, source_font_colors_by_column_json, updated_at, updated_by) VALUES ('germany-46', 'Germany', 46, 'waiting', '{"university":"University of Bonn","course":"Cyber Security","applied":"Yes","commentsRejectionReason":"","enrollmentDeadline":"","tuitionFeeEurosPerSem":"Free","dateApplied":"2026-05-16","applicationOpen":"2026-05-15","deadline":"2026-05-01","uniAssist":"","website":"","daad":""}', '[]', 'FFD9EAD3', '["theme:1"]', '{"A":"FFD9EAD3","B":"FFD9EAD3","C":"FFD9EAD3","D":"FFD9EAD3","E":"FFD9EAD3","F":"FFD9EAD3","G":"FFD9EAD3","H":"FFD9EAD3","I":"FFD9EAD3","J":"FFD9EAD3","K":"FFD9EAD3","L":"FFD9EAD3"}', '{"A":"theme:1","B":"theme:1","C":"theme:1","D":"theme:1","E":"theme:1","F":"theme:1","G":"theme:1","H":"theme:1","I":"theme:1","J":"theme:1","K":"theme:1","L":"theme:1","M":"theme:1","N":"theme:1","O":"theme:1","P":"theme:1","Q":"theme:1","R":"theme:1","S":"theme:1","T":"theme:1","U":"theme:1","V":"theme:1","W":"theme:1","X":"theme:1","Y":"theme:1","Z":"theme:1","AA":"theme:1","AB":"theme:1","AC":"theme:1","AD":"theme:1","AE":"theme:1","AF":"theme:1","AG":"theme:1"}', '2026-05-30T13:04:58', 'workbook-import');
INSERT INTO programs (id, country, row_number, band_key, fields_json, links_json, source_color, source_font_colors_json, source_colors_by_column_json, source_font_colors_by_column_json, updated_at, updated_by) VALUES ('germany-47', 'Germany', 47, 'waiting', '{"university":"KIT","course":"Computer Science","applied":"Yes","commentsRejectionReason":"","enrollmentDeadline":"","tuitionFeeEurosPerSem":"1500","dateApplied":"2026-05-16","applicationOpen":"2026-05-15","deadline":"2026-06-15","uniAssist":"","website":"","daad":"https://www.informatik.kit.edu/english/14346.php"}', '[{"field":"daad","label":"DAAD","url":"https://www.informatik.kit.edu/english/14346.php"}]', 'FFD9EAD3', '["FF0000FF","theme:1"]', '{"A":"FFD9EAD3","B":"FFD9EAD3","C":"FFD9EAD3","D":"FFD9EAD3","E":"FFD9EAD3","F":"FFD9EAD3","G":"FFD9EAD3","H":"FFD9EAD3","I":"FFD9EAD3","J":"FFD9EAD3","K":"FFD9EAD3","L":"FFD9EAD3","M":"FFD9EAD3","N":"FFD9EAD3","O":"FFD9EAD3","P":"FFD9EAD3","Q":"FFD9EAD3","R":"FFD9EAD3","S":"FFD9EAD3","T":"FFD9EAD3","U":"FFD9EAD3","V":"FFD9EAD3","W":"FFD9EAD3","X":"FFD9EAD3","Y":"FFD9EAD3","Z":"FFD9EAD3","AA":"FFD9EAD3","AB":"FFD9EAD3","AC":"FFD9EAD3","AD":"FFD9EAD3","AE":"FFD9EAD3","AF":"FFD9EAD3","AG":"FFD9EAD3"}', '{"A":"theme:1","B":"theme:1","C":"theme:1","D":"theme:1","E":"theme:1","F":"theme:1","G":"theme:1","H":"theme:1","I":"theme:1","J":"theme:1","K":"theme:1","L":"FF0000FF","M":"FFFF0000","N":"FFFF0000","O":"FFFF0000","P":"FFFF0000","Q":"FFFF0000","R":"FFFF0000","S":"FFFF0000","T":"FFFF0000","U":"FFFF0000","V":"FFFF0000","W":"FFFF0000","X":"FFFF0000","Y":"FFFF0000","Z":"FFFF0000","AA":"FFFF0000","AB":"FFFF0000","AC":"FFFF0000","AD":"FFFF0000","AE":"FFFF0000","AF":"FFFF0000","AG":"FFFF0000"}', '2026-05-30T13:04:58', 'workbook-import');
INSERT INTO programs (id, country, row_number, band_key, fields_json, links_json, source_color, source_font_colors_json, source_colors_by_column_json, source_font_colors_by_column_json, updated_at, updated_by) VALUES ('germany-48', 'Germany', 48, 'waiting', '{"university":"LMU - Ludwig-Maximilians- Universität München","course":"Statistics and Data Science","applied":"Yes","commentsRejectionReason":"","enrollmentDeadline":"","tuitionFeeEurosPerSem":"Free","dateApplied":"","applicationOpen":"2026-05-15","deadline":"2026-07-15","uniAssist":"","website":"https://lmu.gomovein.com/application/index/5fbf5db8089cc309fc0513a2/eng","daad":""}', '[{"field":"website","label":"Website","url":"https://lmu.gomovein.com/application/index/5fbf5db8089cc309fc0513a2/eng"}]', 'FFD9EAD3', '["FF0000FF","theme:1"]', '{"A":"FFD9EAD3","B":"FFD9EAD3","C":"FFD9EAD3","D":"FFD9EAD3","E":"FFD9EAD3","F":"FFD9EAD3","G":"FFD9EAD3","H":"FFD9EAD3","I":"FFD9EAD3","J":"FFD9EAD3","K":"FFD9EAD3","L":"FFD9EAD3","M":"FFD9EAD3","N":"FFD9EAD3","O":"FFD9EAD3","P":"FFD9EAD3","Q":"FFD9EAD3","R":"FFD9EAD3","S":"FFD9EAD3","T":"FFD9EAD3","U":"FFD9EAD3","V":"FFD9EAD3","W":"FFD9EAD3","X":"FFD9EAD3","Y":"FFD9EAD3","Z":"FFD9EAD3","AA":"FFD9EAD3","AB":"FFD9EAD3","AC":"FFD9EAD3","AD":"FFD9EAD3","AE":"FFD9EAD3","AF":"FFD9EAD3","AG":"FFD9EAD3"}', '{"A":"theme:1","B":"theme:1","C":"theme:1","D":"theme:1","E":"theme:1","F":"theme:1","G":"theme:1","H":"theme:1","I":"theme:1","J":"theme:1","K":"FF0000FF","L":"theme:1","M":"FFFF0000","N":"FFFF0000","O":"FFFF0000","P":"FFFF0000","Q":"FFFF0000","R":"FFFF0000","S":"FFFF0000","T":"FFFF0000","U":"FFFF0000","V":"FFFF0000","W":"FFFF0000","X":"FFFF0000","Y":"FFFF0000","Z":"FFFF0000","AA":"FFFF0000","AB":"FFFF0000","AC":"FFFF0000","AD":"FFFF0000","AE":"FFFF0000","AF":"FFFF0000","AG":"FFFF0000"}', '2026-05-30T13:04:58', 'workbook-import');
INSERT INTO programs (id, country, row_number, band_key, fields_json, links_json, source_color, source_font_colors_json, source_colors_by_column_json, source_font_colors_by_column_json, updated_at, updated_by) VALUES ('germany-49', 'Germany', 49, 'waiting', '{"university":"KIT","course":"Computational Data Science","applied":"Yes","commentsRejectionReason":"","enrollmentDeadline":"","tuitionFeeEurosPerSem":"1500","dateApplied":"2026-05-16","applicationOpen":"mid/late may","deadline":"","uniAssist":"","website":"","daad":""}', '[]', 'FFD9EAD3', '["theme:1"]', '{"A":"FFD9EAD3","B":"FFD9EAD3","C":"FFD9EAD3","D":"FFD9EAD3","E":"FFD9EAD3","F":"FFD9EAD3","G":"FFD9EAD3","H":"FFD9EAD3","I":"FFD9EAD3","J":"FFD9EAD3","K":"FFD9EAD3","L":"FFD9EAD3","M":"FFD9EAD3","N":"FFD9EAD3","O":"FFD9EAD3","P":"FFD9EAD3","Q":"FFD9EAD3","R":"FFD9EAD3","S":"FFD9EAD3","T":"FFD9EAD3","U":"FFD9EAD3","V":"FFD9EAD3","W":"FFD9EAD3","X":"FFD9EAD3","Y":"FFD9EAD3","Z":"FFD9EAD3","AA":"FFD9EAD3","AB":"FFD9EAD3","AC":"FFD9EAD3","AD":"FFD9EAD3","AE":"FFD9EAD3","AF":"FFD9EAD3","AG":"FFD9EAD3"}', '{"A":"theme:1","B":"theme:1","C":"theme:1","D":"theme:1","E":"theme:1","F":"theme:1","G":"theme:1","H":"theme:1","I":"theme:1","J":"theme:1","K":"theme:1","L":"theme:1","M":"theme:1","N":"theme:1","O":"theme:1","P":"theme:1","Q":"theme:1","R":"theme:1","S":"theme:1","T":"theme:1","U":"theme:1","V":"theme:1","W":"theme:1","X":"theme:1","Y":"theme:1","Z":"theme:1","AA":"theme:1","AB":"theme:1","AC":"theme:1","AD":"theme:1","AE":"theme:1","AF":"theme:1","AG":"theme:1"}', '2026-05-30T13:04:58', 'workbook-import');
INSERT INTO programs (id, country, row_number, band_key, fields_json, links_json, source_color, source_font_colors_json, source_colors_by_column_json, source_font_colors_by_column_json, updated_at, updated_by) VALUES ('germany-50', 'Germany', 50, 'rejected', '{"university":"University of Stuttgart","course":"Computer Science","applied":"Yes","commentsRejectionReason":"Wrong upload","enrollmentDeadline":"","tuitionFeeEurosPerSem":"1500","dateApplied":"2026-01-15","applicationOpen":"","deadline":"","uniAssist":"","website":"https://campus.uni-stuttgart.de/cusonline/","daad":""}', '[{"field":"website","label":"Website","url":"https://campus.uni-stuttgart.de/cusonline/"}]', 'FFD9EAD3', '["FFFF0000"]', '{"A":"FFD9EAD3","B":"FFD9EAD3","C":"FFD9EAD3","D":"FFD9EAD3","E":"FFD9EAD3","F":"FFD9EAD3","G":"FFD9EAD3","H":"FFD9EAD3","I":"FFD9EAD3","J":"FFD9EAD3","K":"FFD9EAD3","L":"FFD9EAD3"}', '{"A":"FFFF0000","B":"FFFF0000","C":"FFFF0000","D":"FFFF0000","E":"FFFF0000","F":"FFFF0000","G":"FFFF0000","H":"FFFF0000","I":"FFFF0000","J":"FFFF0000","K":"FFFF0000","L":"FFFF0000","M":"theme:1","N":"theme:1","O":"theme:1","P":"theme:1","Q":"theme:1","R":"theme:1","S":"theme:1","T":"theme:1","U":"theme:1","V":"theme:1","W":"theme:1","X":"theme:1","Y":"theme:1","Z":"theme:1","AA":"theme:1","AB":"theme:1","AC":"theme:1","AD":"theme:1","AE":"theme:1","AF":"theme:1","AG":"theme:1"}', '2026-05-30T13:04:58', 'workbook-import');
INSERT INTO programs (id, country, row_number, band_key, fields_json, links_json, source_color, source_font_colors_json, source_colors_by_column_json, source_font_colors_by_column_json, updated_at, updated_by) VALUES ('germany-51', 'Germany', 51, 'rejected', '{"university":"University of Applied Sciences Mittweida","course":"Applied Mathematics for Network and Data Sciences","applied":"Yes","commentsRejectionReason":"ECTS(instant)","enrollmentDeadline":"","tuitionFeeEurosPerSem":"Free","dateApplied":"2023-03-26","applicationOpen":"","deadline":"2026-05-15","uniAssist":"","website":"","daad":""}', '[]', 'FFD9EAD3', '["FFFF0000"]', '{"A":"FFD9EAD3","B":"FFD9EAD3","C":"FFD9EAD3","D":"FFD9EAD3","E":"FFD9EAD3","F":"FFD9EAD3","G":"FFD9EAD3","H":"FFD9EAD3","I":"FFD9EAD3","J":"FFD9EAD3","K":"FFD9EAD3","L":"FFD9EAD3"}', '{"A":"FFFF0000","B":"FFFF0000","C":"FFFF0000","D":"FFFF0000","E":"FFFF0000","F":"FFFF0000","G":"FFFF0000","H":"FFFF0000","I":"FFFF0000","J":"FFFF0000","K":"FFFF0000","L":"FFFF0000","M":"theme:1","N":"theme:1","O":"theme:1","P":"theme:1","Q":"theme:1","R":"theme:1","S":"theme:1","T":"theme:1","U":"theme:1","V":"theme:1","W":"theme:1","X":"theme:1","Y":"theme:1","Z":"theme:1","AA":"theme:1","AB":"theme:1","AC":"theme:1","AD":"theme:1","AE":"theme:1","AF":"theme:1","AG":"theme:1"}', '2026-05-30T13:04:58', 'workbook-import');
INSERT INTO programs (id, country, row_number, band_key, fields_json, links_json, source_color, source_font_colors_json, source_colors_by_column_json, source_font_colors_by_column_json, updated_at, updated_by) VALUES ('germany-52', 'Germany', 52, 'rejected', '{"university":"TUHH","course":"Data Science","applied":"Yes","commentsRejectionReason":"ECTS","enrollmentDeadline":"","tuitionFeeEurosPerSem":"Free","dateApplied":"2026-01-29","applicationOpen":"","deadline":"","uniAssist":"","website":"https://tune.tuhh.de/qisserver/pages/sul/common/entrancePage.xhtml?_flowId=onlineapplication-overview-flow&_flowExecutionKey=e1s17","daad":""}', '[{"field":"website","label":"Website","url":"https://tune.tuhh.de/qisserver/pages/sul/common/entrancePage.xhtml?_flowId=onlineapplication-overview-flow&_flowExecutionKey=e1s17"}]', 'FFD9EAD3', '["FFFF0000"]', '{"A":"FFD9EAD3","B":"FFD9EAD3","C":"FFD9EAD3","D":"FFD9EAD3","E":"FFD9EAD3","F":"FFD9EAD3","G":"FFD9EAD3","H":"FFD9EAD3","I":"FFD9EAD3","J":"FFD9EAD3","K":"FFD9EAD3","L":"FFD9EAD3"}', '{"A":"FFFF0000","B":"FFFF0000","C":"FFFF0000","D":"FFFF0000","E":"FFFF0000","F":"FFFF0000","G":"FFFF0000","H":"FFFF0000","I":"FFFF0000","J":"FFFF0000","K":"FFFF0000","L":"FFFF0000","M":"theme:1","N":"theme:1","O":"theme:1","P":"theme:1","Q":"theme:1","R":"theme:1","S":"theme:1","T":"theme:1","U":"theme:1","V":"theme:1","W":"theme:1","X":"theme:1","Y":"theme:1","Z":"theme:1","AA":"theme:1","AB":"theme:1","AC":"theme:1","AD":"theme:1","AE":"theme:1","AF":"theme:1","AG":"theme:1"}', '2026-05-30T13:04:58', 'workbook-import');
INSERT INTO programs (id, country, row_number, band_key, fields_json, links_json, source_color, source_font_colors_json, source_colors_by_column_json, source_font_colors_by_column_json, updated_at, updated_by) VALUES ('germany-53', 'Germany', 53, 'rejected', '{"university":"BTU Cottbus","course":"Artificial Intelligence","applied":"Yes","commentsRejectionReason":"ECTS(ethics?)","enrollmentDeadline":"","tuitionFeeEurosPerSem":"Free","dateApplied":"2026-03-15","applicationOpen":"2026-03-01","deadline":"2026-07-15","uniAssist":"Yes","website":"https://www.b-tu.de/en/artificial-intelligence-ms","daad":""}', '[{"field":"website","label":"Website","url":"https://www.b-tu.de/en/artificial-intelligence-ms"}]', 'FFD9EAD3', '["FFFF0000"]', '{"A":"FFD9EAD3","B":"FFD9EAD3","C":"FFD9EAD3","D":"FFD9EAD3","E":"FFD9EAD3","F":"FFD9EAD3","G":"FFD9EAD3","H":"FFD9EAD3","I":"FFD9EAD3","J":"FFD9EAD3","K":"FFD9EAD3","L":"FFD9EAD3","M":"FFD9EAD3","N":"FFD9EAD3","O":"FFD9EAD3","P":"FFD9EAD3","Q":"FFD9EAD3","R":"FFD9EAD3","S":"FFD9EAD3","T":"FFD9EAD3","U":"FFD9EAD3","V":"FFD9EAD3","W":"FFD9EAD3","X":"FFD9EAD3","Y":"FFD9EAD3","Z":"FFD9EAD3","AA":"FFD9EAD3","AB":"FFD9EAD3","AC":"FFD9EAD3","AD":"FFD9EAD3","AE":"FFD9EAD3","AF":"FFD9EAD3","AG":"FFD9EAD3"}', '{"A":"FFFF0000","B":"FFFF0000","C":"FFFF0000","D":"FFFF0000","E":"FFFF0000","F":"FFFF0000","G":"FFFF0000","H":"FFFF0000","I":"FFFF0000","J":"FFFF0000","K":"FFFF0000","L":"FFFF0000","M":"theme:1","N":"theme:1","O":"theme:1","P":"theme:1","Q":"theme:1","R":"theme:1","S":"theme:1","T":"theme:1","U":"theme:1","V":"theme:1","W":"theme:1","X":"theme:1","Y":"theme:1","Z":"theme:1","AA":"theme:1","AB":"theme:1","AC":"theme:1","AD":"theme:1","AE":"theme:1","AF":"theme:1","AG":"theme:1"}', '2026-05-30T13:04:58', 'workbook-import');
INSERT INTO programs (id, country, row_number, band_key, fields_json, links_json, source_color, source_font_colors_json, source_colors_by_column_json, source_font_colors_by_column_json, updated_at, updated_by) VALUES ('germany-54', 'Germany', 54, 'rejected', '{"university":"University of Freiburg","course":"Mathematics in Data and Technology","applied":"Yes","commentsRejectionReason":"ECTS","enrollmentDeadline":"","tuitionFeeEurosPerSem":"1500","dateApplied":"2026-04-25","applicationOpen":"2026-04-15","deadline":"2026-05-31","uniAssist":"","website":"","daad":"https://www2.daad.de/deutschland/studienangebote/international-programmes/en/detail/3736/"}', '[{"field":"daad","label":"DAAD","url":"https://www2.daad.de/deutschland/studienangebote/international-programmes/en/detail/3736/"}]', 'FFD9EAD3', '["FFFF0000"]', '{"A":"FFD9EAD3","B":"FFD9EAD3","C":"FFD9EAD3","D":"FFD9EAD3","E":"FFD9EAD3","F":"FFD9EAD3","G":"FFD9EAD3","H":"FFD9EAD3","I":"FFD9EAD3","J":"FFD9EAD3","K":"FFD9EAD3","L":"FFD9EAD3"}', '{"A":"FFFF0000","B":"FFFF0000","C":"FFFF0000","D":"FFFF0000","E":"FFFF0000","F":"FFFF0000","G":"FFFF0000","H":"FFFF0000","I":"FFFF0000","J":"FFFF0000","K":"FFFF0000","L":"FFFF0000","M":"theme:1","N":"theme:1","O":"theme:1","P":"theme:1","Q":"theme:1","R":"theme:1","S":"theme:1","T":"theme:1","U":"theme:1","V":"theme:1","W":"theme:1","X":"theme:1","Y":"theme:1","Z":"theme:1","AA":"theme:1","AB":"theme:1","AC":"theme:1","AD":"theme:1","AE":"theme:1","AF":"theme:1","AG":"theme:1"}', '2026-05-30T13:04:58', 'workbook-import');
INSERT INTO programs (id, country, row_number, band_key, fields_json, links_json, source_color, source_font_colors_json, source_colors_by_column_json, source_font_colors_by_column_json, updated_at, updated_by) VALUES ('germany-55', 'Germany', 55, 'rejected', '{"university":"Catholic University of Eichstätt- Ingolstadt","course":"Data Science","applied":"Yes","commentsRejectionReason":"Didnt through uniassist","enrollmentDeadline":"","tuitionFeeEurosPerSem":"Free","dateApplied":"","applicationOpen":"","deadline":"2026-07-15","uniAssist":"","website":"","daad":""}', '[]', 'FFD9EAD3', '["FFFF0000"]', '{"A":"FFD9EAD3","B":"FFD9EAD3","C":"FFD9EAD3","D":"FFD9EAD3","E":"FFD9EAD3","F":"FFD9EAD3","G":"FFD9EAD3","H":"FFD9EAD3","I":"FFD9EAD3","J":"FFD9EAD3","K":"FFD9EAD3","L":"FFD9EAD3"}', '{"A":"FFFF0000","B":"FFFF0000","C":"FFFF0000","D":"FFFF0000","E":"FFFF0000","F":"FFFF0000","G":"FFFF0000","H":"FFFF0000","I":"FFFF0000","J":"FFFF0000","K":"FFFF0000","L":"FFFF0000","M":"theme:1","N":"theme:1","O":"theme:1","P":"theme:1","Q":"theme:1","R":"theme:1","S":"theme:1","T":"theme:1","U":"theme:1","V":"theme:1","W":"theme:1","X":"theme:1","Y":"theme:1","Z":"theme:1","AA":"theme:1","AB":"theme:1","AC":"theme:1","AD":"theme:1","AE":"theme:1","AF":"theme:1","AG":"theme:1"}', '2026-05-30T13:04:58', 'workbook-import');
INSERT INTO programs (id, country, row_number, band_key, fields_json, links_json, source_color, source_font_colors_json, source_colors_by_column_json, source_font_colors_by_column_json, updated_at, updated_by) VALUES ('germany-56', 'Germany', 56, 'rejected', '{"university":"University of Tubingen","course":"Machine Learning","applied":"Yes","commentsRejectionReason":"-","enrollmentDeadline":"","tuitionFeeEurosPerSem":"1500","dateApplied":"2026-03-22","applicationOpen":"","deadline":"2026-04-30","uniAssist":"","website":"","daad":""}', '[]', 'FFD9EAD3', '["FFFF0000"]', '{"A":"FFD9EAD3","B":"FFD9EAD3","C":"FFD9EAD3","D":"FFD9EAD3","E":"FFD9EAD3","F":"FFD9EAD3","G":"FFD9EAD3","H":"FFD9EAD3","I":"FFD9EAD3","J":"FFD9EAD3","K":"FFD9EAD3","L":"FFD9EAD3","M":"FFD9EAD3","N":"FFD9EAD3","O":"FFD9EAD3","P":"FFD9EAD3","Q":"FFD9EAD3","R":"FFD9EAD3","S":"FFD9EAD3","T":"FFD9EAD3","U":"FFD9EAD3","V":"FFD9EAD3","W":"FFD9EAD3","X":"FFD9EAD3","Y":"FFD9EAD3","Z":"FFD9EAD3","AA":"FFD9EAD3","AB":"FFD9EAD3","AC":"FFD9EAD3","AD":"FFD9EAD3","AE":"FFD9EAD3","AF":"FFD9EAD3","AG":"FFD9EAD3"}', '{"A":"FFFF0000","B":"FFFF0000","C":"FFFF0000","D":"FFFF0000","E":"FFFF0000","F":"FFFF0000","G":"FFFF0000","H":"FFFF0000","I":"FFFF0000","J":"FFFF0000","K":"FFFF0000","L":"FFFF0000","M":"FFFF0000","N":"FFFF0000","O":"FFFF0000","P":"FFFF0000","Q":"FFFF0000","R":"FFFF0000","S":"FFFF0000","T":"FFFF0000","U":"FFFF0000","V":"FFFF0000","W":"FFFF0000","X":"FFFF0000","Y":"FFFF0000","Z":"FFFF0000","AA":"FFFF0000","AB":"FFFF0000","AC":"FFFF0000","AD":"FFFF0000","AE":"FFFF0000","AF":"FFFF0000","AG":"FFFF0000"}', '2026-05-30T13:04:58', 'workbook-import');
INSERT INTO programs (id, country, row_number, band_key, fields_json, links_json, source_color, source_font_colors_json, source_colors_by_column_json, source_font_colors_by_column_json, updated_at, updated_by) VALUES ('germany-57', 'Germany', 57, 'rejected', '{"university":"University of Hamburg","course":"Data Science and Artificial Intelligence","applied":"Yes","commentsRejectionReason":"-","enrollmentDeadline":"","tuitionFeeEurosPerSem":"Free","dateApplied":"2026-03-18","applicationOpen":"","deadline":"2026-03-31","uniAssist":"","website":"","daad":""}', '[]', 'FFD9EAD3', '["FFFF0000"]', '{"A":"FFD9EAD3","B":"FFD9EAD3","C":"FFD9EAD3","D":"FFD9EAD3","E":"FFD9EAD3","F":"FFD9EAD3","G":"FFD9EAD3","H":"FFD9EAD3","I":"FFD9EAD3","J":"FFD9EAD3","K":"FFD9EAD3","L":"FFD9EAD3"}', '{"A":"FFFF0000","B":"FFFF0000","C":"FFFF0000","D":"FFFF0000","E":"FFFF0000","F":"FFFF0000","G":"FFFF0000","H":"FFFF0000","I":"FFFF0000","J":"FFFF0000","K":"FFFF0000","L":"FFFF0000","M":"FFFF0000","N":"FFFF0000","O":"FFFF0000","P":"FFFF0000","Q":"FFFF0000","R":"FFFF0000","S":"FFFF0000","T":"FFFF0000","U":"FFFF0000","V":"FFFF0000","W":"FFFF0000","X":"FFFF0000","Y":"FFFF0000","Z":"FFFF0000","AA":"FFFF0000","AB":"FFFF0000","AC":"FFFF0000","AD":"FFFF0000","AE":"FFFF0000","AF":"FFFF0000","AG":"FFFF0000"}', '2026-05-30T13:04:58', 'workbook-import');
INSERT INTO programs (id, country, row_number, band_key, fields_json, links_json, source_color, source_font_colors_json, source_colors_by_column_json, source_font_colors_by_column_json, updated_at, updated_by) VALUES ('germany-58', 'Germany', 58, 'rejected', '{"university":"University of Konstanz","course":"Computer Science","applied":"Yes(requires GRE)","commentsRejectionReason":"GRE","enrollmentDeadline":"","tuitionFeeEurosPerSem":"1500","dateApplied":"","applicationOpen":"","deadline":"2026-05-15","uniAssist":"","website":"","daad":""}', '[]', 'FFD9EAD3', '["FFFF0000"]', '{"A":"FFD9EAD3","B":"FFD9EAD3","C":"FFD9EAD3","D":"FFD9EAD3","E":"FFD9EAD3","F":"FFD9EAD3","G":"FFD9EAD3","H":"FFD9EAD3","I":"FFD9EAD3","J":"FFD9EAD3","K":"FFD9EAD3","L":"FFD9EAD3"}', '{"A":"FFFF0000","B":"FFFF0000","C":"FFFF0000","D":"FFFF0000","E":"FFFF0000","F":"FFFF0000","G":"FFFF0000","H":"FFFF0000","I":"FFFF0000","J":"FFFF0000","K":"FFFF0000","L":"FFFF0000","M":"FFFF0000","N":"FFFF0000","O":"FFFF0000","P":"FFFF0000","Q":"FFFF0000","R":"FFFF0000","S":"FFFF0000","T":"FFFF0000","U":"FFFF0000","V":"FFFF0000","W":"FFFF0000","X":"FFFF0000","Y":"FFFF0000","Z":"FFFF0000","AA":"FFFF0000","AB":"FFFF0000","AC":"FFFF0000","AD":"FFFF0000","AE":"FFFF0000","AF":"FFFF0000","AG":"FFFF0000"}', '2026-05-30T13:04:58', 'workbook-import');
INSERT INTO programs (id, country, row_number, band_key, fields_json, links_json, source_color, source_font_colors_json, source_colors_by_column_json, source_font_colors_by_column_json, updated_at, updated_by) VALUES ('germany-59', 'Germany', 59, 'rejected', '{"university":"Technische Universität Braunschweig","course":"Data Science","applied":"Yes(paid 75 euros)","commentsRejectionReason":"Maths ECTS","enrollmentDeadline":"","tuitionFeeEurosPerSem":"Free","dateApplied":"2026-03-13","applicationOpen":"2026-02-01","deadline":"2026-03-15","uniAssist":"","website":"","daad":"https://www2.daad.de/deutschland/studienangebote/international-programmes/en/detail/7660/"}', '[{"field":"daad","label":"DAAD","url":"https://www2.daad.de/deutschland/studienangebote/international-programmes/en/detail/7660/"}]', 'FFD9EAD3', '["FFFF0000"]', '{"A":"FFD9EAD3","B":"FFD9EAD3","C":"FFD9EAD3","D":"FFD9EAD3","E":"FFD9EAD3","F":"FFD9EAD3","G":"FFD9EAD3","H":"FFD9EAD3","I":"FFD9EAD3","J":"FFD9EAD3","K":"FFD9EAD3","L":"FFD9EAD3"}', '{"A":"FFFF0000","B":"FFFF0000","C":"FFFF0000","D":"FFFF0000","E":"FFFF0000","F":"FFFF0000","G":"FFFF0000","H":"FFFF0000","I":"FFFF0000","J":"FFFF0000","K":"FFFF0000","L":"FFFF0000","M":"FFFF0000","N":"FFFF0000","O":"FFFF0000","P":"FFFF0000","Q":"FFFF0000","R":"FFFF0000","S":"FFFF0000","T":"FFFF0000","U":"FFFF0000","V":"FFFF0000","W":"FFFF0000","X":"FFFF0000","Y":"FFFF0000","Z":"FFFF0000","AA":"FFFF0000","AB":"FFFF0000","AC":"FFFF0000","AD":"FFFF0000","AE":"FFFF0000","AF":"FFFF0000","AG":"FFFF0000"}', '2026-05-30T13:04:58', 'workbook-import');
INSERT INTO programs (id, country, row_number, band_key, fields_json, links_json, source_color, source_font_colors_json, source_colors_by_column_json, source_font_colors_by_column_json, updated_at, updated_by) VALUES ('germany-60', 'Germany', 60, 'skipped', '{"university":"Regensburg","course":"Human-Centred Artificial Intelligence","applied":"No(GRE + vpd)","commentsRejectionReason":"","enrollmentDeadline":"","tuitionFeeEurosPerSem":"Free","dateApplied":"","applicationOpen":"","deadline":"2026-06-01","uniAssist":"VPD","website":"","daad":""}', '[]', 'FFFFFFFF', '["theme:1"]', '{"C":"FFFFFFFF"}', '{"A":"theme:1","B":"theme:1","C":"theme:1","D":"theme:1","E":"theme:1","F":"theme:1","G":"theme:1","H":"theme:1","I":"theme:1","J":"theme:1","K":"theme:1","L":"theme:1","M":"theme:1","N":"theme:1","O":"theme:1","P":"theme:1","Q":"theme:1","R":"theme:1","S":"theme:1","T":"theme:1","U":"theme:1","V":"theme:1","W":"theme:1","X":"theme:1","Y":"theme:1","Z":"theme:1","AA":"theme:1","AB":"theme:1","AC":"theme:1","AD":"theme:1","AE":"theme:1","AF":"theme:1","AG":"theme:1"}', '2026-05-30T13:04:58', 'workbook-import');
INSERT INTO programs (id, country, row_number, band_key, fields_json, links_json, source_color, source_font_colors_json, source_colors_by_column_json, source_font_colors_by_column_json, updated_at, updated_by) VALUES ('germany-61', 'Germany', 61, 'skipped', '{"university":"Regensburg","course":"Data Science","applied":"No(GRE + vpd)","commentsRejectionReason":"","enrollmentDeadline":"","tuitionFeeEurosPerSem":"Free","dateApplied":"","applicationOpen":"","deadline":"2026-06-01","uniAssist":"VPD","website":"","daad":""}', '[]', 'FFFFFFFF', '["theme:1"]', '{"C":"FFFFFFFF"}', '{"A":"theme:1","B":"theme:1","C":"theme:1","D":"theme:1","E":"theme:1","F":"theme:1","G":"theme:1","H":"theme:1","I":"theme:1","J":"theme:1","K":"theme:1","L":"theme:1","M":"theme:1","N":"theme:1","O":"theme:1","P":"theme:1","Q":"theme:1","R":"theme:1","S":"theme:1","T":"theme:1","U":"theme:1","V":"theme:1","W":"theme:1","X":"theme:1","Y":"theme:1","Z":"theme:1","AA":"theme:1","AB":"theme:1","AC":"theme:1","AD":"theme:1","AE":"theme:1","AF":"theme:1","AG":"theme:1"}', '2026-05-30T13:04:58', 'workbook-import');
INSERT INTO programs (id, country, row_number, band_key, fields_json, links_json, source_color, source_font_colors_json, source_colors_by_column_json, source_font_colors_by_column_json, updated_at, updated_by) VALUES ('germany-62', 'Germany', 62, 'skipped', '{"university":"Regensburg","course":"Computer Science","applied":"No(GRE + vpd)","commentsRejectionReason":"","enrollmentDeadline":"","tuitionFeeEurosPerSem":"Free","dateApplied":"","applicationOpen":"","deadline":"2026-06-01","uniAssist":"VPD","website":"","daad":""}', '[]', 'FFFFFFFF', '["theme:1"]', '{"C":"FFFFFFFF","M":"FFD9EAD3","N":"FFD9EAD3","O":"FFD9EAD3","P":"FFD9EAD3","Q":"FFD9EAD3","R":"FFD9EAD3","S":"FFD9EAD3","T":"FFD9EAD3","U":"FFD9EAD3","V":"FFD9EAD3","W":"FFD9EAD3","X":"FFD9EAD3","Y":"FFD9EAD3","Z":"FFD9EAD3","AA":"FFD9EAD3","AB":"FFD9EAD3","AC":"FFD9EAD3","AD":"FFD9EAD3","AE":"FFD9EAD3","AF":"FFD9EAD3","AG":"FFD9EAD3"}', '{"A":"theme:1","B":"theme:1","C":"theme:1","D":"theme:1","E":"theme:1","F":"theme:1","G":"theme:1","H":"theme:1","I":"theme:1","J":"theme:1","K":"theme:1","L":"theme:1","M":"theme:1","N":"theme:1","O":"theme:1","P":"theme:1","Q":"theme:1","R":"theme:1","S":"theme:1","T":"theme:1","U":"theme:1","V":"theme:1","W":"theme:1","X":"theme:1","Y":"theme:1","Z":"theme:1","AA":"theme:1","AB":"theme:1","AC":"theme:1","AD":"theme:1","AE":"theme:1","AF":"theme:1","AG":"theme:1"}', '2026-05-30T13:04:58', 'workbook-import');
INSERT INTO programs (id, country, row_number, band_key, fields_json, links_json, source_color, source_font_colors_json, source_colors_by_column_json, source_font_colors_by_column_json, updated_at, updated_by) VALUES ('germany-63', 'Germany', 63, 'skipped', '{"university":"Fulda University of Applied Sciences","course":"Global software development","applied":"No","commentsRejectionReason":"","enrollmentDeadline":"","tuitionFeeEurosPerSem":"Free","dateApplied":"","applicationOpen":"","deadline":"2026-05-30","uniAssist":"Yes","website":"","daad":""}', '[]', 'FFFFFFFF', '["theme:1"]', '{"C":"FFFFFFFF"}', '{"A":"theme:1","B":"theme:1","C":"theme:1","D":"theme:1","E":"theme:1","F":"theme:1","G":"theme:1","H":"theme:1","I":"theme:1","J":"theme:1","K":"theme:1","L":"theme:1","M":"theme:1","N":"theme:1","O":"theme:1","P":"theme:1","Q":"theme:1","R":"theme:1","S":"theme:1","T":"theme:1","U":"theme:1","V":"theme:1","W":"theme:1","X":"theme:1","Y":"theme:1","Z":"theme:1","AA":"theme:1","AB":"theme:1","AC":"theme:1","AD":"theme:1","AE":"theme:1","AF":"theme:1","AG":"theme:1"}', '2026-05-30T13:04:58', 'workbook-import');
INSERT INTO programs (id, country, row_number, band_key, fields_json, links_json, source_color, source_font_colors_json, source_colors_by_column_json, source_font_colors_by_column_json, updated_at, updated_by) VALUES ('germany-64', 'Germany', 64, 'skipped', '{"university":"RWTH ACHEN","course":"Data Science","applied":"No","commentsRejectionReason":"","enrollmentDeadline":"","tuitionFeeEurosPerSem":"Free","dateApplied":"","applicationOpen":"","deadline":"2026-03-01","uniAssist":"","website":"","daad":""}', '[]', NULL, '["theme:1"]', '{"M":"FFD9EAD3","N":"FFD9EAD3","O":"FFD9EAD3","P":"FFD9EAD3","Q":"FFD9EAD3","R":"FFD9EAD3","S":"FFD9EAD3","T":"FFD9EAD3","U":"FFD9EAD3","V":"FFD9EAD3","W":"FFD9EAD3","X":"FFD9EAD3","Y":"FFD9EAD3","Z":"FFD9EAD3","AA":"FFD9EAD3","AB":"FFD9EAD3","AC":"FFD9EAD3","AD":"FFD9EAD3","AE":"FFD9EAD3","AF":"FFD9EAD3","AG":"FFD9EAD3"}', '{"A":"theme:1","B":"theme:1","C":"theme:1","D":"theme:1","E":"theme:1","F":"theme:1","G":"theme:1","H":"theme:1","I":"theme:1","J":"theme:1","K":"theme:1","L":"theme:1","M":"theme:1","N":"theme:1","O":"theme:1","P":"theme:1","Q":"theme:1","R":"theme:1","S":"theme:1","T":"theme:1","U":"theme:1","V":"theme:1","W":"theme:1","X":"theme:1","Y":"theme:1","Z":"theme:1","AA":"theme:1","AB":"theme:1","AC":"theme:1","AD":"theme:1","AE":"theme:1","AF":"theme:1","AG":"theme:1"}', '2026-05-30T13:04:58', 'workbook-import');
INSERT INTO programs (id, country, row_number, band_key, fields_json, links_json, source_color, source_font_colors_json, source_colors_by_column_json, source_font_colors_by_column_json, updated_at, updated_by) VALUES ('germany-65', 'Germany', 65, 'skipped', '{"university":"Paderborn University","course":"Computer Engineering","applied":"No","commentsRejectionReason":"","enrollmentDeadline":"","tuitionFeeEurosPerSem":"Free","dateApplied":"","applicationOpen":"","deadline":"2026-05-31","uniAssist":"Yes","website":"","daad":"https://www2.daad.de/deutschland/studienangebote/international-programmes/en/detail/5616/"}', '[{"field":"daad","label":"DAAD","url":"https://www2.daad.de/deutschland/studienangebote/international-programmes/en/detail/5616/"}]', NULL, '["FF0000FF","theme:1"]', '{"M":"FFD9EAD3","N":"FFD9EAD3","O":"FFD9EAD3","P":"FFD9EAD3","Q":"FFD9EAD3","R":"FFD9EAD3","S":"FFD9EAD3","T":"FFD9EAD3","U":"FFD9EAD3","V":"FFD9EAD3","W":"FFD9EAD3","X":"FFD9EAD3","Y":"FFD9EAD3","Z":"FFD9EAD3","AA":"FFD9EAD3","AB":"FFD9EAD3","AC":"FFD9EAD3","AD":"FFD9EAD3","AE":"FFD9EAD3","AF":"FFD9EAD3","AG":"FFD9EAD3"}', '{"A":"theme:1","B":"theme:1","C":"theme:1","D":"theme:1","E":"theme:1","F":"theme:1","G":"theme:1","H":"theme:1","I":"theme:1","J":"theme:1","K":"theme:1","L":"FF0000FF","M":"theme:1","N":"theme:1","O":"theme:1","P":"theme:1","Q":"theme:1","R":"theme:1","S":"theme:1","T":"theme:1","U":"theme:1","V":"theme:1","W":"theme:1","X":"theme:1","Y":"theme:1","Z":"theme:1","AA":"theme:1","AB":"theme:1","AC":"theme:1","AD":"theme:1","AE":"theme:1","AF":"theme:1","AG":"theme:1"}', '2026-05-30T13:04:58', 'workbook-import');
INSERT INTO programs (id, country, row_number, band_key, fields_json, links_json, source_color, source_font_colors_json, source_colors_by_column_json, source_font_colors_by_column_json, updated_at, updated_by) VALUES ('germany-66', 'Germany', 66, 'skipped', '{"university":"University of Passau","course":"Computer Science","applied":"No","commentsRejectionReason":"","enrollmentDeadline":"","tuitionFeeEurosPerSem":"Free","dateApplied":"","applicationOpen":"","deadline":"2026-05-31","uniAssist":"Yes","website":"","daad":""}', '[]', 'FFFFFFFF', '["theme:1"]', '{"C":"FFFFFFFF","M":"FFD9EAD3","N":"FFD9EAD3","O":"FFD9EAD3","P":"FFD9EAD3","Q":"FFD9EAD3","R":"FFD9EAD3","S":"FFD9EAD3","T":"FFD9EAD3","U":"FFD9EAD3","V":"FFD9EAD3","W":"FFD9EAD3","X":"FFD9EAD3","Y":"FFD9EAD3","Z":"FFD9EAD3","AA":"FFD9EAD3","AB":"FFD9EAD3","AC":"FFD9EAD3","AD":"FFD9EAD3","AE":"FFD9EAD3","AF":"FFD9EAD3","AG":"FFD9EAD3"}', '{"A":"theme:1","B":"theme:1","C":"theme:1","D":"theme:1","E":"theme:1","F":"theme:1","G":"theme:1","H":"theme:1","I":"theme:1","J":"theme:1","K":"theme:1","L":"theme:1","M":"theme:1","N":"theme:1","O":"theme:1","P":"theme:1","Q":"theme:1","R":"theme:1","S":"theme:1","T":"theme:1","U":"theme:1","V":"theme:1","W":"theme:1","X":"theme:1","Y":"theme:1","Z":"theme:1","AA":"theme:1","AB":"theme:1","AC":"theme:1","AD":"theme:1","AE":"theme:1","AF":"theme:1","AG":"theme:1"}', '2026-05-30T13:04:58', 'workbook-import');
INSERT INTO programs (id, country, row_number, band_key, fields_json, links_json, source_color, source_font_colors_json, source_colors_by_column_json, source_font_colors_by_column_json, updated_at, updated_by) VALUES ('germany-67', 'Germany', 67, 'skipped', '{"university":"Leipzig University","course":"Earth System Data Science and Remote Sensing","applied":"No","commentsRejectionReason":"","enrollmentDeadline":"","tuitionFeeEurosPerSem":"Free","dateApplied":"","applicationOpen":"","deadline":"2026-05-31","uniAssist":"Yes","website":"","daad":""}', '[]', NULL, '["theme:1"]', '{}', '{"A":"theme:1","B":"theme:1","C":"theme:1","D":"theme:1","E":"theme:1","F":"theme:1","G":"theme:1","H":"theme:1","I":"theme:1","J":"theme:1","K":"theme:1","L":"theme:1","M":"theme:1","N":"theme:1","O":"theme:1","P":"theme:1","Q":"theme:1","R":"theme:1","S":"theme:1","T":"theme:1","U":"theme:1","V":"theme:1","W":"theme:1","X":"theme:1","Y":"theme:1","Z":"theme:1","AA":"theme:1","AB":"theme:1","AC":"theme:1","AD":"theme:1","AE":"theme:1","AF":"theme:1","AG":"theme:1"}', '2026-05-30T13:04:58', 'workbook-import');
INSERT INTO programs (id, country, row_number, band_key, fields_json, links_json, source_color, source_font_colors_json, source_colors_by_column_json, source_font_colors_by_column_json, updated_at, updated_by) VALUES ('germany-68', 'Germany', 68, 'skipped', '{"university":"Hof University of Applied Sciences","course":"Applied Research in Computer Science","applied":"No","commentsRejectionReason":"","enrollmentDeadline":"","tuitionFeeEurosPerSem":"Free","dateApplied":"","applicationOpen":"2026-04-15","deadline":"2026-05-31","uniAssist":"","website":"","daad":""}', '[]', 'FFFFFFFF', '["theme:1"]', '{"H":"FFFFFFFF"}', '{"A":"theme:1","B":"theme:1","C":"theme:1","D":"theme:1","E":"theme:1","F":"theme:1","G":"theme:1","H":"theme:1","I":"theme:1","J":"theme:1","K":"theme:1","L":"theme:1","M":"theme:1","N":"theme:1","O":"theme:1","P":"theme:1","Q":"theme:1","R":"theme:1","S":"theme:1","T":"theme:1","U":"theme:1","V":"theme:1","W":"theme:1","X":"theme:1","Y":"theme:1","Z":"theme:1","AA":"theme:1","AB":"theme:1","AC":"theme:1","AD":"theme:1","AE":"theme:1","AF":"theme:1","AG":"theme:1"}', '2026-05-30T13:04:58', 'workbook-import');
INSERT INTO programs (id, country, row_number, band_key, fields_json, links_json, source_color, source_font_colors_json, source_colors_by_column_json, source_font_colors_by_column_json, updated_at, updated_by) VALUES ('germany-69', 'Germany', 69, 'skipped', '{"university":"Hof University of Applied Sciences","course":"Al-Driven Supply Chain Management","applied":"No","commentsRejectionReason":"","enrollmentDeadline":"","tuitionFeeEurosPerSem":"Free","dateApplied":"","applicationOpen":"2026-04-15","deadline":"2026-05-31","uniAssist":"","website":"","daad":""}', '[]', 'FFFFFFFF', '["theme:1"]', '{"H":"FFFFFFFF"}', '{"A":"theme:1","B":"theme:1","C":"theme:1","D":"theme:1","E":"theme:1","F":"theme:1","G":"theme:1","H":"theme:1","I":"theme:1","J":"theme:1","K":"theme:1","L":"theme:1","M":"theme:1","N":"theme:1","O":"theme:1","P":"theme:1","Q":"theme:1","R":"theme:1","S":"theme:1","T":"theme:1","U":"theme:1","V":"theme:1","W":"theme:1","X":"theme:1","Y":"theme:1","Z":"theme:1","AA":"theme:1","AB":"theme:1","AC":"theme:1","AD":"theme:1","AE":"theme:1","AF":"theme:1","AG":"theme:1"}', '2026-05-30T13:04:58', 'workbook-import');
INSERT INTO programs (id, country, row_number, band_key, fields_json, links_json, source_color, source_font_colors_json, source_colors_by_column_json, source_font_colors_by_column_json, updated_at, updated_by) VALUES ('germany-70', 'Germany', 70, 'skipped', '{"university":"Carl von Ossietzky University of Oldenburg","course":"Applied Economics and Data Science","applied":"No","commentsRejectionReason":"","enrollmentDeadline":"","tuitionFeeEurosPerSem":"Free","dateApplied":"","applicationOpen":"","deadline":"2026-06-15","uniAssist":"Yes","website":"","daad":""}', '[]', NULL, '["theme:1"]', '{}', '{"A":"theme:1","B":"theme:1","C":"theme:1","D":"theme:1","E":"theme:1","F":"theme:1","G":"theme:1","H":"theme:1","I":"theme:1","J":"theme:1","K":"theme:1","L":"theme:1","M":"theme:1","N":"theme:1","O":"theme:1","P":"theme:1","Q":"theme:1","R":"theme:1","S":"theme:1","T":"theme:1","U":"theme:1","V":"theme:1","W":"theme:1","X":"theme:1","Y":"theme:1","Z":"theme:1","AA":"theme:1","AB":"theme:1","AC":"theme:1","AD":"theme:1","AE":"theme:1","AF":"theme:1","AG":"theme:1"}', '2026-05-30T13:04:58', 'workbook-import');
INSERT INTO programs (id, country, row_number, band_key, fields_json, links_json, source_color, source_font_colors_json, source_colors_by_column_json, source_font_colors_by_column_json, updated_at, updated_by) VALUES ('germany-71', 'Germany', 71, 'skipped', '{"university":"Ludwigshafen University of Business and Society","course":"Business Informatics - Focus on Data Science & Consulting","applied":"No","commentsRejectionReason":"","enrollmentDeadline":"","tuitionFeeEurosPerSem":"1500","dateApplied":"","applicationOpen":"","deadline":"2026-07-15","uniAssist":"","website":"","daad":""}', '[]', NULL, '["theme:1"]', '{}', '{"A":"theme:1","B":"theme:1","C":"theme:1","D":"theme:1","E":"theme:1","F":"theme:1","G":"theme:1","H":"theme:1","I":"theme:1","J":"theme:1","K":"theme:1","L":"theme:1","M":"theme:1","N":"theme:1","O":"theme:1","P":"theme:1","Q":"theme:1","R":"theme:1","S":"theme:1","T":"theme:1","U":"theme:1","V":"theme:1","W":"theme:1","X":"theme:1","Y":"theme:1","Z":"theme:1","AA":"theme:1","AB":"theme:1","AC":"theme:1","AD":"theme:1","AE":"theme:1","AF":"theme:1","AG":"theme:1"}', '2026-05-30T13:04:58', 'workbook-import');
INSERT INTO programs (id, country, row_number, band_key, fields_json, links_json, source_color, source_font_colors_json, source_colors_by_column_json, source_font_colors_by_column_json, updated_at, updated_by) VALUES ('germany-72', 'Germany', 72, 'skipped', '{"university":"Ruhr-Universität Bochum","course":"Linguistic Data Science","applied":"No","commentsRejectionReason":"","enrollmentDeadline":"","tuitionFeeEurosPerSem":"Free","dateApplied":"","applicationOpen":"","deadline":"2026-07-15","uniAssist":"","website":"","daad":""}', '[]', NULL, '["theme:1"]', '{}', '{"A":"theme:1","B":"theme:1","C":"theme:1","D":"theme:1","E":"theme:1","F":"theme:1","G":"theme:1","H":"theme:1","I":"theme:1","J":"theme:1","K":"theme:1","L":"theme:1","M":"theme:1","N":"theme:1","O":"theme:1","P":"theme:1","Q":"theme:1","R":"theme:1","S":"theme:1","T":"theme:1","U":"theme:1","V":"theme:1","W":"theme:1","X":"theme:1","Y":"theme:1","Z":"theme:1","AA":"theme:1","AB":"theme:1","AC":"theme:1","AD":"theme:1","AE":"theme:1","AF":"theme:1","AG":"theme:1"}', '2026-05-30T13:04:58', 'workbook-import');
INSERT INTO programs (id, country, row_number, band_key, fields_json, links_json, source_color, source_font_colors_json, source_colors_by_column_json, source_font_colors_by_column_json, updated_at, updated_by) VALUES ('germany-73', 'Germany', 73, 'skipped', '{"university":"Lubeck","course":"IT Security","applied":"No","commentsRejectionReason":"","enrollmentDeadline":"","tuitionFeeEurosPerSem":"Free","dateApplied":"","applicationOpen":"","deadline":"2026-07-15","uniAssist":"Yes","website":"","daad":""}', '[]', NULL, '["theme:1"]', '{}', '{"A":"theme:1","B":"theme:1","C":"theme:1","D":"theme:1","E":"theme:1","F":"theme:1","G":"theme:1","H":"theme:1","I":"theme:1","J":"theme:1","K":"theme:1","L":"theme:1","M":"theme:1","N":"theme:1","O":"theme:1","P":"theme:1","Q":"theme:1","R":"theme:1","S":"theme:1","T":"theme:1","U":"theme:1","V":"theme:1","W":"theme:1","X":"theme:1","Y":"theme:1","Z":"theme:1","AA":"theme:1","AB":"theme:1","AC":"theme:1","AD":"theme:1","AE":"theme:1","AF":"theme:1","AG":"theme:1"}', '2026-05-30T13:04:58', 'workbook-import');
INSERT INTO programs (id, country, row_number, band_key, fields_json, links_json, source_color, source_font_colors_json, source_colors_by_column_json, source_font_colors_by_column_json, updated_at, updated_by) VALUES ('germany-74', 'Germany', 74, 'skipped', '{"university":"Bauhaus-Universität Weimar","course":"Computer Science for Digital Media","applied":"No","commentsRejectionReason":"","enrollmentDeadline":"","tuitionFeeEurosPerSem":"Free","dateApplied":"","applicationOpen":"","deadline":"2026-07-15","uniAssist":"Yes","website":"","daad":""}', '[]', NULL, '["theme:1"]', '{"M":"FFD9EAD3","N":"FFD9EAD3","O":"FFD9EAD3","P":"FFD9EAD3","Q":"FFD9EAD3","R":"FFD9EAD3","S":"FFD9EAD3","T":"FFD9EAD3","U":"FFD9EAD3","V":"FFD9EAD3","W":"FFD9EAD3","X":"FFD9EAD3","Y":"FFD9EAD3","Z":"FFD9EAD3","AA":"FFD9EAD3","AB":"FFD9EAD3","AC":"FFD9EAD3","AD":"FFD9EAD3","AE":"FFD9EAD3","AF":"FFD9EAD3","AG":"FFD9EAD3"}', '{"A":"theme:1","B":"theme:1","C":"theme:1","D":"theme:1","E":"theme:1","F":"theme:1","G":"theme:1","H":"theme:1","I":"theme:1","J":"theme:1","K":"theme:1","L":"theme:1","M":"theme:1","N":"theme:1","O":"theme:1","P":"theme:1","Q":"theme:1","R":"theme:1","S":"theme:1","T":"theme:1","U":"theme:1","V":"theme:1","W":"theme:1","X":"theme:1","Y":"theme:1","Z":"theme:1","AA":"theme:1","AB":"theme:1","AC":"theme:1","AD":"theme:1","AE":"theme:1","AF":"theme:1","AG":"theme:1"}', '2026-05-30T13:04:58', 'workbook-import');
INSERT INTO programs (id, country, row_number, band_key, fields_json, links_json, source_color, source_font_colors_json, source_colors_by_column_json, source_font_colors_by_column_json, updated_at, updated_by) VALUES ('germany-75', 'Germany', 75, 'skipped', '{"university":"University of Cologne • Köln","course":"Computational Sciences","applied":"No","commentsRejectionReason":"","enrollmentDeadline":"","tuitionFeeEurosPerSem":"Free","dateApplied":"","applicationOpen":"","deadline":"2026-07-15","uniAssist":"VPD","website":"","daad":""}', '[]', NULL, '["theme:1"]', '{}', '{"A":"theme:1","B":"theme:1","C":"theme:1","D":"theme:1","E":"theme:1","F":"theme:1","G":"theme:1","H":"theme:1","I":"theme:1","J":"theme:1","K":"theme:1","L":"theme:1","M":"theme:1","N":"theme:1","O":"theme:1","P":"theme:1","Q":"theme:1","R":"theme:1","S":"theme:1","T":"theme:1","U":"theme:1","V":"theme:1","W":"theme:1","X":"theme:1","Y":"theme:1","Z":"theme:1","AA":"theme:1","AB":"theme:1","AC":"theme:1","AD":"theme:1","AE":"theme:1","AF":"theme:1","AG":"theme:1"}', '2026-05-30T13:04:58', 'workbook-import');
INSERT INTO programs (id, country, row_number, band_key, fields_json, links_json, source_color, source_font_colors_json, source_colors_by_column_json, source_font_colors_by_column_json, updated_at, updated_by) VALUES ('germany-76', 'Germany', 76, 'skipped', '{"university":"Kiel University of Applied Sciences","course":"Computer Science","applied":"No","commentsRejectionReason":"","enrollmentDeadline":"","tuitionFeeEurosPerSem":"Free","dateApplied":"","applicationOpen":"","deadline":"2026-09-15","uniAssist":"Yes","website":"","daad":""}', '[]', NULL, '["theme:1"]', '{"M":"FFD9EAD3","N":"FFD9EAD3","O":"FFD9EAD3","P":"FFD9EAD3","Q":"FFD9EAD3","R":"FFD9EAD3","S":"FFD9EAD3","T":"FFD9EAD3","U":"FFD9EAD3","V":"FFD9EAD3","W":"FFD9EAD3","X":"FFD9EAD3","Y":"FFD9EAD3","Z":"FFD9EAD3","AA":"FFD9EAD3","AB":"FFD9EAD3","AC":"FFD9EAD3","AD":"FFD9EAD3","AE":"FFD9EAD3","AF":"FFD9EAD3","AG":"FFD9EAD3"}', '{"A":"theme:1","B":"theme:1","C":"theme:1","D":"theme:1","E":"theme:1","F":"theme:1","G":"theme:1","H":"theme:1","I":"theme:1","J":"theme:1","K":"theme:1","L":"theme:1","M":"theme:1","N":"theme:1","O":"theme:1","P":"theme:1","Q":"theme:1","R":"theme:1","S":"theme:1","T":"theme:1","U":"theme:1","V":"theme:1","W":"theme:1","X":"theme:1","Y":"theme:1","Z":"theme:1","AA":"theme:1","AB":"theme:1","AC":"theme:1","AD":"theme:1","AE":"theme:1","AF":"theme:1","AG":"theme:1"}', '2026-05-30T13:04:58', 'workbook-import');
INSERT INTO programs (id, country, row_number, band_key, fields_json, links_json, source_color, source_font_colors_json, source_colors_by_column_json, source_font_colors_by_column_json, updated_at, updated_by) VALUES ('germany-77', 'Germany', 77, 'skipped', '{"university":"University of Münster","course":"Data Science","applied":"No","commentsRejectionReason":"","enrollmentDeadline":"","tuitionFeeEurosPerSem":"4500","dateApplied":"","applicationOpen":"","deadline":"2026-09-15","uniAssist":"","website":"","daad":""}', '[]', NULL, '["theme:1"]', '{}', '{"A":"theme:1","B":"theme:1","C":"theme:1","D":"theme:1","E":"theme:1","F":"theme:1","G":"theme:1","H":"theme:1","I":"theme:1","J":"theme:1","K":"theme:1","L":"theme:1","M":"theme:1","N":"theme:1","O":"theme:1","P":"theme:1","Q":"theme:1","R":"theme:1","S":"theme:1","T":"theme:1","U":"theme:1","V":"theme:1","W":"theme:1","X":"theme:1","Y":"theme:1","Z":"theme:1","AA":"theme:1","AB":"theme:1","AC":"theme:1","AD":"theme:1","AE":"theme:1","AF":"theme:1","AG":"theme:1"}', '2026-05-30T13:04:58', 'workbook-import');
INSERT INTO programs (id, country, row_number, band_key, fields_json, links_json, source_color, source_font_colors_json, source_colors_by_column_json, source_font_colors_by_column_json, updated_at, updated_by) VALUES ('germany-78', 'Germany', 78, 'skipped', '{"university":"University of Stuttgart","course":"Artificial Intelligence and Data Science(not sure english is there)","applied":"No - German","commentsRejectionReason":"","enrollmentDeadline":"","tuitionFeeEurosPerSem":"1500","dateApplied":"","applicationOpen":"","deadline":"2026-07-15","uniAssist":"","website":"","daad":""}', '[]', NULL, '["FF000000","theme:1"]', '{"M":"FFD9EAD3","N":"FFD9EAD3","O":"FFD9EAD3","P":"FFD9EAD3","Q":"FFD9EAD3","R":"FFD9EAD3","S":"FFD9EAD3","T":"FFD9EAD3","U":"FFD9EAD3","V":"FFD9EAD3","W":"FFD9EAD3","X":"FFD9EAD3","Y":"FFD9EAD3","Z":"FFD9EAD3","AA":"FFD9EAD3","AB":"FFD9EAD3","AC":"FFD9EAD3","AD":"FFD9EAD3","AE":"FFD9EAD3","AF":"FFD9EAD3","AG":"FFD9EAD3"}', '{"A":"FF000000","B":"theme:1","C":"theme:1","D":"theme:1","E":"theme:1","F":"theme:1","G":"theme:1","H":"theme:1","I":"theme:1","J":"theme:1","K":"theme:1","L":"theme:1","M":"theme:1","N":"theme:1","O":"theme:1","P":"theme:1","Q":"FF000000","R":"FF000000","S":"theme:1","T":"theme:1","U":"theme:1","V":"theme:1","W":"theme:1","X":"FF000000","Y":"FF000000","Z":"theme:1","AA":"theme:1","AB":"theme:1","AC":"theme:1","AD":"theme:1","AE":"theme:1","AF":"theme:1","AG":"theme:1"}', '2026-05-30T13:04:58', 'workbook-import');
INSERT INTO programs (id, country, row_number, band_key, fields_json, links_json, source_color, source_font_colors_json, source_colors_by_column_json, source_font_colors_by_column_json, updated_at, updated_by) VALUES ('germany-79', 'Germany', 79, 'skipped', '{"university":"University of Stuttgart","course":"Infotech","applied":"No - hardware","commentsRejectionReason":"","enrollmentDeadline":"","tuitionFeeEurosPerSem":"1500","dateApplied":"","applicationOpen":"","deadline":"2026-07-15","uniAssist":"","website":"","daad":""}', '[]', 'FFF4F4F4', '["FF000000","theme:1"]', '{"B":"FFF4F4F4"}', '{"A":"FF000000","B":"FF000000","C":"theme:1","D":"theme:1","E":"theme:1","F":"theme:1","G":"theme:1","H":"theme:1","I":"theme:1","J":"theme:1","K":"theme:1","L":"theme:1","M":"theme:1","N":"theme:1","O":"theme:1","P":"theme:1","Q":"theme:1","R":"theme:1","S":"theme:1","T":"theme:1","U":"theme:1","V":"theme:1","W":"theme:1","X":"theme:1","Y":"theme:1","Z":"theme:1","AA":"theme:1","AB":"theme:1","AC":"theme:1","AD":"theme:1","AE":"theme:1","AF":"theme:1","AG":"theme:1"}', '2026-05-30T13:04:58', 'workbook-import');
INSERT INTO programs (id, country, row_number, band_key, fields_json, links_json, source_color, source_font_colors_json, source_colors_by_column_json, source_font_colors_by_column_json, updated_at, updated_by) VALUES ('germany-80', 'Germany', 80, 'skipped', '{"university":"University of Stuttgart","course":"Computational Linguistics","applied":"No - linguistic","commentsRejectionReason":"","enrollmentDeadline":"","tuitionFeeEurosPerSem":"1500","dateApplied":"","applicationOpen":"","deadline":"2026-07-15","uniAssist":"","website":"","daad":"https://www2.daad.de/deutschland/studienangebote/international-programmes/en/detail/4239/"}', '[{"field":"daad","label":"DAAD","url":"https://www2.daad.de/deutschland/studienangebote/international-programmes/en/detail/4239/"}]', 'FFF4F4F4', '["FF000000","FF0000FF","theme:1"]', '{"B":"FFF4F4F4","M":"FFD9EAD3","N":"FFD9EAD3","O":"FFD9EAD3","P":"FFD9EAD3","Q":"FFD9EAD3","R":"FFD9EAD3","S":"FFD9EAD3","T":"FFD9EAD3","U":"FFD9EAD3","V":"FFD9EAD3","W":"FFD9EAD3","X":"FFD9EAD3","Y":"FFD9EAD3","Z":"FFD9EAD3","AA":"FFD9EAD3","AB":"FFD9EAD3","AC":"FFD9EAD3","AD":"FFD9EAD3","AE":"FFD9EAD3","AF":"FFD9EAD3","AG":"FFD9EAD3"}', '{"A":"FF000000","B":"FF000000","C":"theme:1","D":"theme:1","E":"theme:1","F":"theme:1","G":"theme:1","H":"theme:1","I":"theme:1","J":"theme:1","K":"theme:1","L":"FF0000FF","M":"theme:1","N":"theme:1","O":"theme:1","P":"theme:1","Q":"theme:1","R":"theme:1","S":"theme:1","T":"theme:1","U":"theme:1","V":"theme:1","W":"theme:1","X":"theme:1","Y":"theme:1","Z":"theme:1","AA":"theme:1","AB":"theme:1","AC":"theme:1","AD":"theme:1","AE":"theme:1","AF":"theme:1","AG":"theme:1"}', '2026-05-30T13:04:58', 'workbook-import');
INSERT INTO programs (id, country, row_number, band_key, fields_json, links_json, source_color, source_font_colors_json, source_colors_by_column_json, source_font_colors_by_column_json, updated_at, updated_by) VALUES ('germany-81', 'Germany', 81, 'skipped', '{"university":"Technical University of Munich","course":"AI in Biomedicine","applied":"No (Fees high)","commentsRejectionReason":"","enrollmentDeadline":"","tuitionFeeEurosPerSem":"6000","dateApplied":"","applicationOpen":"","deadline":"2026-03-15","uniAssist":"","website":"","daad":""}', '[]', NULL, '["theme:1"]', '{}', '{"A":"theme:1","B":"theme:1","C":"theme:1","D":"theme:1","E":"theme:1","F":"theme:1","G":"theme:1","H":"theme:1","I":"theme:1","J":"theme:1","K":"theme:1","L":"theme:1","M":"theme:1","N":"theme:1","O":"theme:1","P":"theme:1","Q":"theme:1","R":"theme:1","S":"theme:1","T":"theme:1","U":"theme:1","V":"theme:1","W":"theme:1","X":"theme:1","Y":"theme:1","Z":"theme:1","AA":"theme:1","AB":"theme:1","AC":"theme:1","AD":"theme:1","AE":"theme:1","AF":"theme:1","AG":"theme:1"}', '2026-05-30T13:04:58', 'workbook-import');
INSERT INTO programs (id, country, row_number, band_key, fields_json, links_json, source_color, source_font_colors_json, source_colors_by_column_json, source_font_colors_by_column_json, updated_at, updated_by) VALUES ('germany-82', 'Germany', 82, 'skipped', '{"university":"Technical University of Munich","course":"Computational Science and Engineering","applied":"No (Fees high)","commentsRejectionReason":"","enrollmentDeadline":"","tuitionFeeEurosPerSem":"6000","dateApplied":"","applicationOpen":"","deadline":"2026-03-31","uniAssist":"","website":"","daad":"https://www2.daad.de/deutschland/studienangebote/international-programmes/en/detail/3591/#tab_overview"}', '[{"field":"daad","label":"DAAD","url":"https://www2.daad.de/deutschland/studienangebote/international-programmes/en/detail/3591/#tab_overview"}]', NULL, '["FF0000FF","theme:1"]', '{"M":"FFD9EAD3","N":"FFD9EAD3","O":"FFD9EAD3","P":"FFD9EAD3","Q":"FFD9EAD3","R":"FFD9EAD3","S":"FFD9EAD3","T":"FFD9EAD3","U":"FFD9EAD3","V":"FFD9EAD3","W":"FFD9EAD3","X":"FFD9EAD3","Y":"FFD9EAD3","Z":"FFD9EAD3","AA":"FFD9EAD3","AB":"FFD9EAD3","AC":"FFD9EAD3","AD":"FFD9EAD3","AE":"FFD9EAD3","AF":"FFD9EAD3","AG":"FFD9EAD3"}', '{"A":"theme:1","B":"theme:1","C":"theme:1","D":"theme:1","E":"theme:1","F":"theme:1","G":"theme:1","H":"theme:1","I":"theme:1","J":"theme:1","K":"theme:1","L":"FF0000FF","M":"theme:1","N":"theme:1","O":"theme:1","P":"theme:1","Q":"theme:1","R":"theme:1","S":"theme:1","T":"theme:1","U":"theme:1","V":"theme:1","W":"theme:1","X":"theme:1","Y":"theme:1","Z":"theme:1","AA":"theme:1","AB":"theme:1","AC":"theme:1","AD":"theme:1","AE":"theme:1","AF":"theme:1","AG":"theme:1"}', '2026-05-30T13:04:58', 'workbook-import');
INSERT INTO programs (id, country, row_number, band_key, fields_json, links_json, source_color, source_font_colors_json, source_colors_by_column_json, source_font_colors_by_column_json, updated_at, updated_by) VALUES ('germany-83', 'Germany', 83, 'skipped', '{"university":"Technical University of Munich","course":"Data Engineering and Analytics","applied":"No (Fees high)","commentsRejectionReason":"","enrollmentDeadline":"","tuitionFeeEurosPerSem":"6000","dateApplied":"","applicationOpen":"","deadline":"2026-03-31","uniAssist":"","website":"","daad":""}', '[]', NULL, '["theme:1"]', '{"M":"FFD9EAD3","N":"FFD9EAD3","O":"FFD9EAD3","P":"FFD9EAD3","Q":"FFD9EAD3","R":"FFD9EAD3","S":"FFD9EAD3","T":"FFD9EAD3","U":"FFD9EAD3","V":"FFD9EAD3","W":"FFD9EAD3","X":"FFD9EAD3","Y":"FFD9EAD3","Z":"FFD9EAD3","AA":"FFD9EAD3","AB":"FFD9EAD3","AC":"FFD9EAD3","AD":"FFD9EAD3","AE":"FFD9EAD3","AF":"FFD9EAD3","AG":"FFD9EAD3"}', '{"A":"theme:1","B":"theme:1","C":"theme:1","D":"theme:1","E":"theme:1","F":"theme:1","G":"theme:1","H":"theme:1","I":"theme:1","J":"theme:1","K":"theme:1","L":"theme:1","M":"theme:1","N":"theme:1","O":"theme:1","P":"theme:1","Q":"theme:1","R":"theme:1","S":"theme:1","T":"theme:1","U":"theme:1","V":"theme:1","W":"theme:1","X":"theme:1","Y":"theme:1","Z":"theme:1","AA":"theme:1","AB":"theme:1","AC":"theme:1","AD":"theme:1","AE":"theme:1","AF":"theme:1","AG":"theme:1"}', '2026-05-30T13:04:58', 'workbook-import');
INSERT INTO programs (id, country, row_number, band_key, fields_json, links_json, source_color, source_font_colors_json, source_colors_by_column_json, source_font_colors_by_column_json, updated_at, updated_by) VALUES ('germany-84', 'Germany', 84, 'skipped', '{"university":"Technical University of Munich","course":"Informatics (Computer Science)","applied":"No (Fees high)","commentsRejectionReason":"","enrollmentDeadline":"","tuitionFeeEurosPerSem":"6000","dateApplied":"","applicationOpen":"","deadline":"2026-03-31","uniAssist":"","website":"","daad":""}', '[]', NULL, '["theme:1"]', '{"M":"FFD9EAD3","N":"FFD9EAD3","O":"FFD9EAD3","P":"FFD9EAD3","Q":"FFD9EAD3","R":"FFD9EAD3","S":"FFD9EAD3","T":"FFD9EAD3","U":"FFD9EAD3","V":"FFD9EAD3","W":"FFD9EAD3","X":"FFD9EAD3","Y":"FFD9EAD3","Z":"FFD9EAD3","AA":"FFD9EAD3","AB":"FFD9EAD3","AC":"FFD9EAD3","AD":"FFD9EAD3","AE":"FFD9EAD3","AF":"FFD9EAD3","AG":"FFD9EAD3"}', '{"A":"theme:1","B":"theme:1","C":"theme:1","D":"theme:1","E":"theme:1","F":"theme:1","G":"theme:1","H":"theme:1","I":"theme:1","J":"theme:1","K":"theme:1","L":"theme:1","M":"theme:1","N":"theme:1","O":"theme:1","P":"theme:1","Q":"theme:1","R":"theme:1","S":"theme:1","T":"theme:1","U":"theme:1","V":"theme:1","W":"theme:1","X":"theme:1","Y":"theme:1","Z":"theme:1","AA":"theme:1","AB":"theme:1","AC":"theme:1","AD":"theme:1","AE":"theme:1","AF":"theme:1","AG":"theme:1"}', '2026-05-30T13:04:58', 'workbook-import');
INSERT INTO programs (id, country, row_number, band_key, fields_json, links_json, source_color, source_font_colors_json, source_colors_by_column_json, source_font_colors_by_column_json, updated_at, updated_by) VALUES ('germany-85', 'Germany', 85, 'skipped', '{"university":"Technical University of Munich","course":"Informatics: Games Engineering","applied":"No (Fees high)","commentsRejectionReason":"","enrollmentDeadline":"","tuitionFeeEurosPerSem":"6000","dateApplied":"","applicationOpen":"","deadline":"2026-03-31","uniAssist":"","website":"","daad":""}', '[]', NULL, '["theme:1"]', '{}', '{"A":"theme:1","B":"theme:1","C":"theme:1","D":"theme:1","E":"theme:1","F":"theme:1","G":"theme:1","H":"theme:1","I":"theme:1","J":"theme:1","K":"theme:1","L":"theme:1","M":"theme:1","N":"theme:1","O":"theme:1","P":"theme:1","Q":"theme:1","R":"theme:1","S":"theme:1","T":"theme:1","U":"theme:1","V":"theme:1","W":"theme:1","X":"theme:1","Y":"theme:1","Z":"theme:1","AA":"theme:1","AB":"theme:1","AC":"theme:1","AD":"theme:1","AE":"theme:1","AF":"theme:1","AG":"theme:1"}', '2026-05-30T13:04:58', 'workbook-import');
INSERT INTO programs (id, country, row_number, band_key, fields_json, links_json, source_color, source_font_colors_json, source_colors_by_column_json, source_font_colors_by_column_json, updated_at, updated_by) VALUES ('germany-86', 'Germany', 86, 'skipped', '{"university":"Technical University of Munich","course":"Mathematics in Data Science","applied":"No (Fees high)","commentsRejectionReason":"","enrollmentDeadline":"","tuitionFeeEurosPerSem":"6000","dateApplied":"","applicationOpen":"","deadline":"2026-03-31","uniAssist":"","website":"","daad":""}', '[]', NULL, '["theme:1"]', '{}', '{"A":"theme:1","B":"theme:1","C":"theme:1","D":"theme:1","E":"theme:1","F":"theme:1","G":"theme:1","H":"theme:1","I":"theme:1","J":"theme:1","K":"theme:1","L":"theme:1","M":"theme:1","N":"theme:1","O":"theme:1","P":"theme:1","Q":"theme:1","R":"theme:1","S":"theme:1","T":"theme:1","U":"theme:1","V":"theme:1","W":"theme:1","X":"theme:1","Y":"theme:1","Z":"theme:1","AA":"theme:1","AB":"theme:1","AC":"theme:1","AD":"theme:1","AE":"theme:1","AF":"theme:1","AG":"theme:1"}', '2026-05-30T13:04:58', 'workbook-import');
INSERT INTO programs (id, country, row_number, band_key, fields_json, links_json, source_color, source_font_colors_json, source_colors_by_column_json, source_font_colors_by_column_json, updated_at, updated_by) VALUES ('germany-87', 'Germany', 87, 'skipped', '{"university":"Technical University of Munich","course":"AI in Society","applied":"No (Fees high)","commentsRejectionReason":"","enrollmentDeadline":"","tuitionFeeEurosPerSem":"4000","dateApplied":"","applicationOpen":"","deadline":"2026-05-31","uniAssist":"","website":"","daad":"https://www2.daad.de/deutschland/studienangebote/international-programmes/en/detail/9617/"}', '[{"field":"daad","label":"DAAD","url":"https://www2.daad.de/deutschland/studienangebote/international-programmes/en/detail/9617/"}]', NULL, '["FF0000FF","theme:1"]', '{}', '{"A":"theme:1","B":"theme:1","C":"theme:1","D":"theme:1","E":"theme:1","F":"theme:1","G":"theme:1","H":"theme:1","I":"theme:1","J":"theme:1","K":"theme:1","L":"FF0000FF","M":"theme:1","N":"theme:1","O":"theme:1","P":"theme:1","Q":"theme:1","R":"theme:1","S":"theme:1","T":"theme:1","U":"theme:1","V":"theme:1","W":"theme:1","X":"theme:1","Y":"theme:1","Z":"theme:1","AA":"theme:1","AB":"theme:1","AC":"theme:1","AD":"theme:1","AE":"theme:1","AF":"theme:1","AG":"theme:1"}', '2026-05-30T13:04:58', 'workbook-import');
INSERT INTO programs (id, country, row_number, band_key, fields_json, links_json, source_color, source_font_colors_json, source_colors_by_column_json, source_font_colors_by_column_json, updated_at, updated_by) VALUES ('germany-88', 'Germany', 88, 'skipped', '{"university":"Technical University of Munich","course":"Data & Society","applied":"No (Fees high)","commentsRejectionReason":"","enrollmentDeadline":"","tuitionFeeEurosPerSem":"6000","dateApplied":"","applicationOpen":"2026-04-01","deadline":"2026-05-31","uniAssist":"","website":"","daad":"https://www2.daad.de/deutschland/studienangebote/international-programmes/en/detail/10383/#tab_registration"}', '[{"field":"daad","label":"DAAD","url":"https://www2.daad.de/deutschland/studienangebote/international-programmes/en/detail/10383/#tab_registration"}]', NULL, '["FF0000FF","theme:1"]', '{}', '{"A":"theme:1","B":"theme:1","C":"theme:1","D":"theme:1","E":"theme:1","F":"theme:1","G":"theme:1","H":"theme:1","I":"theme:1","J":"theme:1","K":"theme:1","L":"FF0000FF","M":"theme:1","N":"theme:1","O":"theme:1","P":"theme:1","Q":"theme:1","R":"theme:1","S":"theme:1","T":"theme:1","U":"theme:1","V":"theme:1","W":"theme:1","X":"theme:1","Y":"theme:1","Z":"theme:1","AA":"theme:1","AB":"theme:1","AC":"theme:1","AD":"theme:1","AE":"theme:1","AF":"theme:1","AG":"theme:1"}', '2026-05-30T13:04:58', 'workbook-import');
INSERT INTO programs (id, country, row_number, band_key, fields_json, links_json, source_color, source_font_colors_json, source_colors_by_column_json, source_font_colors_by_column_json, updated_at, updated_by) VALUES ('germany-89', 'Germany', 89, 'skipped', '{"university":"TUM Heilbronn","course":"Information Engineering","applied":"No (GRE)","commentsRejectionReason":"","enrollmentDeadline":"","tuitionFeeEurosPerSem":"Free","dateApplied":"","applicationOpen":"","deadline":"2026-05-31","uniAssist":"VPD","website":"","daad":""}', '[]', 'FFFFFFFF', '["theme:1"]', '{"C":"FFFFFFFF","M":"FFD9EAD3","N":"FFD9EAD3","O":"FFD9EAD3","P":"FFD9EAD3","Q":"FFD9EAD3","R":"FFD9EAD3","S":"FFD9EAD3","T":"FFD9EAD3","U":"FFD9EAD3","V":"FFD9EAD3","W":"FFD9EAD3","X":"FFD9EAD3","Y":"FFD9EAD3","Z":"FFD9EAD3","AA":"FFD9EAD3","AB":"FFD9EAD3","AC":"FFD9EAD3","AD":"FFD9EAD3","AE":"FFD9EAD3","AF":"FFD9EAD3","AG":"FFD9EAD3"}', '{"A":"theme:1","B":"theme:1","C":"theme:1","D":"theme:1","E":"theme:1","F":"theme:1","G":"theme:1","H":"theme:1","I":"theme:1","J":"theme:1","K":"theme:1","L":"theme:1","M":"theme:1","N":"theme:1","O":"theme:1","P":"theme:1","Q":"theme:1","R":"theme:1","S":"theme:1","T":"theme:1","U":"theme:1","V":"theme:1","W":"theme:1","X":"theme:1","Y":"theme:1","Z":"theme:1","AA":"theme:1","AB":"theme:1","AC":"theme:1","AD":"theme:1","AE":"theme:1","AF":"theme:1","AG":"theme:1"}', '2026-05-30T13:04:58', 'workbook-import');
INSERT INTO programs (id, country, row_number, band_key, fields_json, links_json, source_color, source_font_colors_json, source_colors_by_column_json, source_font_colors_by_column_json, updated_at, updated_by) VALUES ('germany-90', 'Germany', 90, 'skipped', '{"university":"HTW Berlin - University of Applied Sciences","course":"Project Management & Data Science","applied":"No (MBA)","commentsRejectionReason":"","enrollmentDeadline":"","tuitionFeeEurosPerSem":"4400","dateApplied":"","applicationOpen":"","deadline":"2026-02-28","uniAssist":"","website":"","daad":""}', '[]', NULL, '["theme:1"]', '{}', '{"A":"theme:1","B":"theme:1","C":"theme:1","D":"theme:1","E":"theme:1","F":"theme:1","G":"theme:1","H":"theme:1","I":"theme:1","J":"theme:1","K":"theme:1","L":"theme:1","M":"theme:1","N":"theme:1","O":"theme:1","P":"theme:1","Q":"theme:1","R":"theme:1","S":"theme:1","T":"theme:1","U":"theme:1","V":"theme:1","W":"theme:1","X":"theme:1","Y":"theme:1","Z":"theme:1","AA":"theme:1","AB":"theme:1","AC":"theme:1","AD":"theme:1","AE":"theme:1","AF":"theme:1","AG":"theme:1"}', '2026-05-30T13:04:58', 'workbook-import');
INSERT INTO programs (id, country, row_number, band_key, fields_json, links_json, source_color, source_font_colors_json, source_colors_by_column_json, source_font_colors_by_column_json, updated_at, updated_by) VALUES ('germany-91', 'Germany', 91, 'skipped', '{"university":"Hamburg applied science","course":"Information Engineering","applied":"No (not taking VPD)","commentsRejectionReason":"","enrollmentDeadline":"","tuitionFeeEurosPerSem":"","dateApplied":"","applicationOpen":"2026-02-15","deadline":"2026-03-31","uniAssist":"VPD","website":"https://www.inf.uni-hamburg.de/en/studies/master/dsai.html#:~:text=Our%20Master%20of%20Science%20in,and%20knowledge%20to%20navigate%20these","daad":""}', '[{"field":"website","label":"Website","url":"https://www.inf.uni-hamburg.de/en/studies/master/dsai.html#:~:text=Our%20Master%20of%20Science%20in,and%20knowledge%20to%20navigate%20these"}]', NULL, '["FF0000FF","theme:1"]', '{"M":"FFD9EAD3","N":"FFD9EAD3","O":"FFD9EAD3","P":"FFD9EAD3","Q":"FFD9EAD3","R":"FFD9EAD3","S":"FFD9EAD3","T":"FFD9EAD3","U":"FFD9EAD3","V":"FFD9EAD3","W":"FFD9EAD3","X":"FFD9EAD3","Y":"FFD9EAD3","Z":"FFD9EAD3","AA":"FFD9EAD3","AB":"FFD9EAD3","AC":"FFD9EAD3","AD":"FFD9EAD3","AE":"FFD9EAD3","AF":"FFD9EAD3","AG":"FFD9EAD3"}', '{"A":"theme:1","B":"theme:1","C":"theme:1","D":"theme:1","E":"theme:1","F":"theme:1","G":"theme:1","H":"theme:1","I":"theme:1","J":"theme:1","K":"FF0000FF","L":"theme:1","M":"theme:1","N":"theme:1","O":"theme:1","P":"theme:1","Q":"theme:1","R":"theme:1","S":"theme:1","T":"theme:1","U":"theme:1","V":"theme:1","W":"theme:1","X":"theme:1","Y":"theme:1","Z":"theme:1","AA":"theme:1","AB":"theme:1","AC":"theme:1","AD":"theme:1","AE":"theme:1","AF":"theme:1","AG":"theme:1"}', '2026-05-30T13:04:58', 'workbook-import');
INSERT INTO programs (id, country, row_number, band_key, fields_json, links_json, source_color, source_font_colors_json, source_colors_by_column_json, source_font_colors_by_column_json, updated_at, updated_by) VALUES ('germany-92', 'Germany', 92, 'skipped', '{"university":"Deggendorf","course":"Artificial Intelligence and Data Science","applied":"No (Summer)","commentsRejectionReason":"","enrollmentDeadline":"","tuitionFeeEurosPerSem":"Free","dateApplied":"","applicationOpen":"","deadline":"","uniAssist":"","website":"","daad":""}', '[]', NULL, '["theme:1"]', '{}', '{"A":"theme:1","B":"theme:1","C":"theme:1","D":"theme:1","E":"theme:1","F":"theme:1","G":"theme:1","H":"theme:1","I":"theme:1","J":"theme:1","K":"theme:1","L":"theme:1","M":"theme:1","N":"theme:1","O":"theme:1","P":"theme:1","Q":"theme:1","R":"theme:1","S":"theme:1","T":"theme:1","U":"theme:1","V":"theme:1","W":"theme:1","X":"theme:1","Y":"theme:1","Z":"theme:1","AA":"theme:1","AB":"theme:1","AC":"theme:1","AD":"theme:1","AE":"theme:1","AF":"theme:1","AG":"theme:1"}', '2026-05-30T13:04:58', 'workbook-import');
INSERT INTO programs (id, country, row_number, band_key, fields_json, links_json, source_color, source_font_colors_json, source_colors_by_column_json, source_font_colors_by_column_json, updated_at, updated_by) VALUES ('germany-93', 'Germany', 93, 'skipped', '{"university":"FAU applied science","course":"Data Science","applied":"No(100 Euros)","commentsRejectionReason":"","enrollmentDeadline":"","tuitionFeeEurosPerSem":"Free","dateApplied":"","applicationOpen":"2026-02-15","deadline":"2026-05-31","uniAssist":"","website":"","daad":""}', '[]', 'FFFFFFFF', '["theme:1"]', '{"C":"FFFFFFFF","M":"FFD9EAD3","N":"FFD9EAD3","O":"FFD9EAD3","P":"FFD9EAD3","Q":"FFD9EAD3","R":"FFD9EAD3","S":"FFD9EAD3","T":"FFD9EAD3","U":"FFD9EAD3","V":"FFD9EAD3","W":"FFD9EAD3","X":"FFD9EAD3","Y":"FFD9EAD3","Z":"FFD9EAD3","AA":"FFD9EAD3","AB":"FFD9EAD3","AC":"FFD9EAD3","AD":"FFD9EAD3","AE":"FFD9EAD3","AF":"FFD9EAD3","AG":"FFD9EAD3"}', '{"A":"theme:1","B":"theme:1","C":"theme:1","D":"theme:1","E":"theme:1","F":"theme:1","G":"theme:1","H":"theme:1","I":"theme:1","J":"theme:1","K":"theme:1","L":"theme:1","M":"theme:1","N":"theme:1","O":"theme:1","P":"theme:1","Q":"theme:1","R":"theme:1","S":"theme:1","T":"theme:1","U":"theme:1","V":"theme:1","W":"theme:1","X":"theme:1","Y":"theme:1","Z":"theme:1","AA":"theme:1","AB":"theme:1","AC":"theme:1","AD":"theme:1","AE":"theme:1","AF":"theme:1","AG":"theme:1"}', '2026-05-30T13:04:58', 'workbook-import');
INSERT INTO programs (id, country, row_number, band_key, fields_json, links_json, source_color, source_font_colors_json, source_colors_by_column_json, source_font_colors_by_column_json, updated_at, updated_by) VALUES ('germany-94', 'Germany', 94, 'skipped', '{"university":"FAU applied science","course":"Computer Science","applied":"No(100 Euros)","commentsRejectionReason":"","enrollmentDeadline":"","tuitionFeeEurosPerSem":"Free","dateApplied":"","applicationOpen":"2026-02-15","deadline":"2026-07-15","uniAssist":"","website":"","daad":""}', '[]', 'FFFFFFFF', '["theme:1"]', '{"C":"FFFFFFFF"}', '{"A":"theme:1","B":"theme:1","C":"theme:1","D":"theme:1","E":"theme:1","F":"theme:1","G":"theme:1","H":"theme:1","I":"theme:1","J":"theme:1","K":"theme:1","L":"theme:1","M":"theme:1","N":"theme:1","O":"theme:1","P":"theme:1","Q":"theme:1","R":"theme:1","S":"theme:1","T":"theme:1","U":"theme:1","V":"theme:1","W":"theme:1","X":"theme:1","Y":"theme:1","Z":"theme:1","AA":"theme:1","AB":"theme:1","AC":"theme:1","AD":"theme:1","AE":"theme:1","AF":"theme:1","AG":"theme:1"}', '2026-05-30T13:04:58', 'workbook-import');
INSERT INTO programs (id, country, row_number, band_key, fields_json, links_json, source_color, source_font_colors_json, source_colors_by_column_json, source_font_colors_by_column_json, updated_at, updated_by) VALUES ('germany-95', 'Germany', 95, 'skipped', '{"university":"Chemnitz University of Technology","course":"Web Engineering","applied":"No(50 euros)","commentsRejectionReason":"","enrollmentDeadline":"","tuitionFeeEurosPerSem":"Free","dateApplied":"","applicationOpen":"","deadline":"2026-07-15","uniAssist":"","website":"https://www.eduapplication.de/application/69da886b3b0ec37cc1ace1b2/7","daad":""}', '[{"field":"website","label":"Website","url":"https://www.eduapplication.de/application/69da886b3b0ec37cc1ace1b2/7"}]', 'FFFFFFFF', '["FF0000FF","theme:1"]', '{"C":"FFFFFFFF"}', '{"A":"theme:1","B":"theme:1","C":"theme:1","D":"theme:1","E":"theme:1","F":"theme:1","G":"theme:1","H":"theme:1","I":"theme:1","J":"theme:1","K":"FF0000FF","L":"theme:1","M":"theme:1","N":"theme:1","O":"theme:1","P":"theme:1","Q":"theme:1","R":"theme:1","S":"theme:1","T":"theme:1","U":"theme:1","V":"theme:1","W":"theme:1","X":"theme:1","Y":"theme:1","Z":"theme:1","AA":"theme:1","AB":"theme:1","AC":"theme:1","AD":"theme:1","AE":"theme:1","AF":"theme:1","AG":"theme:1"}', '2026-05-30T13:04:58', 'workbook-import');
INSERT INTO programs (id, country, row_number, band_key, fields_json, links_json, source_color, source_font_colors_json, source_colors_by_column_json, source_font_colors_by_column_json, updated_at, updated_by) VALUES ('germany-96', 'Germany', 96, 'skipped', '{"university":"RPTU University Kaiserslautern- Landau","course":"Computer Science","applied":"No(60 euros fees)","commentsRejectionReason":"","enrollmentDeadline":"","tuitionFeeEurosPerSem":"Free","dateApplied":"","applicationOpen":"","deadline":"2026-04-30","uniAssist":"","website":"","daad":""}', '[]', 'FFFFFFFF', '["theme:1"]', '{"C":"FFFFFFFF","M":"FFFF0000","N":"FFFF0000","O":"FFFF0000","P":"FFFF0000","Q":"FFFF0000","R":"FFFF0000","S":"FFFF0000","T":"FFFF0000","U":"FFFF0000","V":"FFFF0000","W":"FFFF0000","X":"FFFF0000","Y":"FFFF0000","Z":"FFFF0000","AA":"FFFF0000","AB":"FFFF0000","AC":"FFFF0000","AD":"FFFF0000","AE":"FFFF0000","AF":"FFFF0000","AG":"FFFF0000"}', '{"A":"theme:1","B":"theme:1","C":"theme:1","D":"theme:1","E":"theme:1","F":"theme:1","G":"theme:1","H":"theme:1","I":"theme:1","J":"theme:1","K":"theme:1","L":"theme:1","M":"theme:1","N":"theme:1","O":"theme:1","P":"theme:1","Q":"theme:1","R":"theme:1","S":"theme:1","T":"theme:1","U":"theme:1","V":"theme:1","W":"theme:1","X":"theme:1","Y":"theme:1","Z":"theme:1","AA":"theme:1","AB":"theme:1","AC":"theme:1","AD":"theme:1","AE":"theme:1","AF":"theme:1","AG":"theme:1"}', '2026-05-30T13:04:58', 'workbook-import');
INSERT INTO programs (id, country, row_number, band_key, fields_json, links_json, source_color, source_font_colors_json, source_colors_by_column_json, source_font_colors_by_column_json, updated_at, updated_by) VALUES ('germany-97', 'Germany', 97, 'skipped', '{"university":"Saarland","course":"Computer Science","applied":"No(cannot apply to more than 2)","commentsRejectionReason":"","enrollmentDeadline":"","tuitionFeeEurosPerSem":"Free","dateApplied":"","applicationOpen":"","deadline":"2026-05-15","uniAssist":"","website":"https://apply.cs.uni-saarland.de","daad":""}', '[{"field":"website","label":"Website","url":"https://apply.cs.uni-saarland.de"}]', NULL, '["FF0000FF","theme:1"]', '{"M":"FFD9EAD3","N":"FFD9EAD3","O":"FFD9EAD3","P":"FFD9EAD3","Q":"FFD9EAD3","R":"FFD9EAD3","S":"FFD9EAD3","T":"FFD9EAD3","U":"FFD9EAD3","V":"FFD9EAD3","W":"FFD9EAD3","X":"FFD9EAD3","Y":"FFD9EAD3","Z":"FFD9EAD3","AA":"FFD9EAD3","AB":"FFD9EAD3","AC":"FFD9EAD3","AD":"FFD9EAD3","AE":"FFD9EAD3","AF":"FFD9EAD3","AG":"FFD9EAD3"}', '{"A":"theme:1","B":"theme:1","C":"theme:1","D":"theme:1","E":"theme:1","F":"theme:1","G":"theme:1","H":"theme:1","I":"theme:1","J":"theme:1","K":"FF0000FF","L":"theme:1","M":"theme:1","N":"theme:1","O":"theme:1","P":"theme:1","Q":"theme:1","R":"theme:1","S":"theme:1","T":"theme:1","U":"theme:1","V":"theme:1","W":"theme:1","X":"theme:1","Y":"theme:1","Z":"theme:1","AA":"theme:1","AB":"theme:1","AC":"theme:1","AD":"theme:1","AE":"theme:1","AF":"theme:1","AG":"theme:1"}', '2026-05-30T13:04:58', 'workbook-import');
INSERT INTO programs (id, country, row_number, band_key, fields_json, links_json, source_color, source_font_colors_json, source_colors_by_column_json, source_font_colors_by_column_json, updated_at, updated_by) VALUES ('germany-98', 'Germany', 98, 'skipped', '{"university":"TU Darmstadt","course":"Functional Advanced Materials Engineering with Artificial Intelligence for Sustainability","applied":"No(Fees high)","commentsRejectionReason":"","enrollmentDeadline":"","tuitionFeeEurosPerSem":"9000 total","dateApplied":"","applicationOpen":"","deadline":"2026-04-15","uniAssist":"","website":"","daad":""}', '[]', NULL, '["theme:1"]', '{"M":"FFD9EAD3","N":"FFD9EAD3","O":"FFD9EAD3","P":"FFD9EAD3","Q":"FFD9EAD3","R":"FFD9EAD3","S":"FFD9EAD3","T":"FFD9EAD3","U":"FFD9EAD3","V":"FFD9EAD3","W":"FFD9EAD3","X":"FFD9EAD3","Y":"FFD9EAD3","Z":"FFD9EAD3","AA":"FFD9EAD3","AB":"FFD9EAD3","AC":"FFD9EAD3","AD":"FFD9EAD3","AE":"FFD9EAD3","AF":"FFD9EAD3","AG":"FFD9EAD3"}', '{"A":"theme:1","B":"theme:1","C":"theme:1","D":"theme:1","E":"theme:1","F":"theme:1","G":"theme:1","H":"theme:1","I":"theme:1","J":"theme:1","K":"theme:1","L":"theme:1","M":"theme:1","N":"theme:1","O":"theme:1","P":"theme:1","Q":"theme:1","R":"theme:1","S":"theme:1","T":"theme:1","U":"theme:1","V":"theme:1","W":"theme:1","X":"theme:1","Y":"theme:1","Z":"theme:1","AA":"theme:1","AB":"theme:1","AC":"theme:1","AD":"theme:1","AE":"theme:1","AF":"theme:1","AG":"theme:1"}', '2026-05-30T13:04:58', 'workbook-import');
INSERT INTO programs (id, country, row_number, band_key, fields_json, links_json, source_color, source_font_colors_json, source_colors_by_column_json, source_font_colors_by_column_json, updated_at, updated_by) VALUES ('germany-99', 'Germany', 99, 'skipped', '{"university":"University of Technology Nuremberg","course":"Human and Artificial Intelligence","applied":"No(generic course)","commentsRejectionReason":"","enrollmentDeadline":"","tuitionFeeEurosPerSem":"Free","dateApplied":"","applicationOpen":"","deadline":"2026-05-31","uniAssist":"Yes","website":"","daad":""}', '[]', NULL, '["theme:1"]', '{"M":"FFD9EAD3","N":"FFD9EAD3","O":"FFD9EAD3","P":"FFD9EAD3","Q":"FFD9EAD3","R":"FFD9EAD3","S":"FFD9EAD3","T":"FFD9EAD3","U":"FFD9EAD3","V":"FFD9EAD3","W":"FFD9EAD3","X":"FFD9EAD3","Y":"FFD9EAD3","Z":"FFD9EAD3","AA":"FFD9EAD3","AB":"FFD9EAD3","AC":"FFD9EAD3","AD":"FFD9EAD3","AE":"FFD9EAD3","AF":"FFD9EAD3","AG":"FFD9EAD3"}', '{"A":"theme:1","B":"theme:1","C":"theme:1","D":"theme:1","E":"theme:1","F":"theme:1","G":"theme:1","H":"theme:1","I":"theme:1","J":"theme:1","K":"theme:1","L":"theme:1","M":"theme:1","N":"theme:1","O":"theme:1","P":"theme:1","Q":"theme:1","R":"theme:1","S":"theme:1","T":"theme:1","U":"theme:1","V":"theme:1","W":"theme:1","X":"theme:1","Y":"theme:1","Z":"theme:1","AA":"theme:1","AB":"theme:1","AC":"theme:1","AD":"theme:1","AE":"theme:1","AF":"theme:1","AG":"theme:1"}', '2026-05-30T13:04:58', 'workbook-import');
INSERT INTO programs (id, country, row_number, band_key, fields_json, links_json, source_color, source_font_colors_json, source_colors_by_column_json, source_font_colors_by_column_json, updated_at, updated_by) VALUES ('germany-100', 'Germany', 100, 'skipped', '{"university":"University of Hamburg","course":"Computer Science","applied":"No(German)","commentsRejectionReason":"","enrollmentDeadline":"","tuitionFeeEurosPerSem":"Free","dateApplied":"","applicationOpen":"2026-05-01","deadline":"2026-07-15","uniAssist":"","website":"","daad":""}', '[]', NULL, '["theme:1"]', '{}', '{"A":"theme:1","B":"theme:1","C":"theme:1","D":"theme:1","E":"theme:1","F":"theme:1","G":"theme:1","H":"theme:1","I":"theme:1","J":"theme:1","K":"theme:1","L":"theme:1","M":"theme:1","N":"theme:1","O":"theme:1","P":"theme:1","Q":"theme:1","R":"theme:1","S":"theme:1","T":"theme:1","U":"theme:1","V":"theme:1","W":"theme:1","X":"theme:1","Y":"theme:1","Z":"theme:1","AA":"theme:1","AB":"theme:1","AC":"theme:1","AD":"theme:1","AE":"theme:1","AF":"theme:1","AG":"theme:1"}', '2026-05-30T13:04:58', 'workbook-import');
INSERT INTO programs (id, country, row_number, band_key, fields_json, links_json, source_color, source_font_colors_json, source_colors_by_column_json, source_font_colors_by_column_json, updated_at, updated_by) VALUES ('germany-101', 'Germany', 101, 'skipped', '{"university":"Kassel","course":"Computer Science","applied":"No(German)","commentsRejectionReason":"","enrollmentDeadline":"","tuitionFeeEurosPerSem":"","dateApplied":"","applicationOpen":"","deadline":"","uniAssist":"","website":"","daad":""}', '[]', NULL, '["theme:1"]', '{"M":"FFD9EAD3","N":"FFD9EAD3","O":"FFD9EAD3","P":"FFD9EAD3","Q":"FFD9EAD3","R":"FFD9EAD3","S":"FFD9EAD3","T":"FFD9EAD3","U":"FFD9EAD3","V":"FFD9EAD3","W":"FFD9EAD3","X":"FFD9EAD3","Y":"FFD9EAD3","Z":"FFD9EAD3","AA":"FFD9EAD3","AB":"FFD9EAD3","AC":"FFD9EAD3","AD":"FFD9EAD3","AE":"FFD9EAD3","AF":"FFD9EAD3","AG":"FFD9EAD3"}', '{"A":"theme:1","B":"theme:1","C":"theme:1","D":"theme:1","E":"theme:1","F":"theme:1","G":"theme:1","H":"theme:1","I":"theme:1","J":"theme:1","K":"theme:1","L":"theme:1","M":"theme:1","N":"theme:1","O":"theme:1","P":"theme:1","Q":"theme:1","R":"theme:1","S":"theme:1","T":"theme:1","U":"theme:1","V":"theme:1","W":"theme:1","X":"theme:1","Y":"theme:1","Z":"theme:1","AA":"theme:1","AB":"theme:1","AC":"theme:1","AD":"theme:1","AE":"theme:1","AF":"theme:1","AG":"theme:1"}', '2026-05-30T13:04:58', 'workbook-import');
INSERT INTO programs (id, country, row_number, band_key, fields_json, links_json, source_color, source_font_colors_json, source_colors_by_column_json, source_font_colors_by_column_json, updated_at, updated_by) VALUES ('germany-102', 'Germany', 102, 'skipped', '{"university":"University of Tubingen","course":"Computational Linguistics(MA not MS)","applied":"No(MA)","commentsRejectionReason":"","enrollmentDeadline":"","tuitionFeeEurosPerSem":"1500","dateApplied":"","applicationOpen":"","deadline":"2026-07-15","uniAssist":"","website":"","daad":""}', '[]', NULL, '["theme:1"]', '{"M":"FFD9EAD3","N":"FFD9EAD3","O":"FFD9EAD3","P":"FFD9EAD3","Q":"FFD9EAD3","R":"FFD9EAD3","S":"FFD9EAD3","T":"FFD9EAD3","U":"FFD9EAD3","V":"FFD9EAD3","W":"FFD9EAD3","X":"FFD9EAD3","Y":"FFD9EAD3","Z":"FFD9EAD3","AA":"FFD9EAD3","AB":"FFD9EAD3","AC":"FFD9EAD3","AD":"FFD9EAD3","AE":"FFD9EAD3","AF":"FFD9EAD3","AG":"FFD9EAD3"}', '{"A":"theme:1","B":"theme:1","C":"theme:1","D":"theme:1","E":"theme:1","F":"theme:1","G":"theme:1","H":"theme:1","I":"theme:1","J":"theme:1","K":"theme:1","L":"theme:1","M":"theme:1","N":"theme:1","O":"theme:1","P":"theme:1","Q":"theme:1","R":"theme:1","S":"theme:1","T":"theme:1","U":"theme:1","V":"theme:1","W":"theme:1","X":"theme:1","Y":"theme:1","Z":"theme:1","AA":"theme:1","AB":"theme:1","AC":"theme:1","AD":"theme:1","AE":"theme:1","AF":"theme:1","AG":"theme:1"}', '2026-05-30T13:04:58', 'workbook-import');
INSERT INTO programs (id, country, row_number, band_key, fields_json, links_json, source_color, source_font_colors_json, source_colors_by_column_json, source_font_colors_by_column_json, updated_at, updated_by) VALUES ('germany-103', 'Germany', 103, 'skipped', '{"university":"Ulm University","course":"Mathematical Data Science","applied":"No(Math credits)","commentsRejectionReason":"","enrollmentDeadline":"","tuitionFeeEurosPerSem":"1500","dateApplied":"","applicationOpen":"","deadline":"2026-07-15","uniAssist":"Yes","website":"","daad":""}', '[]', NULL, '["theme:1"]', '{"M":"FFFF9900","N":"FFFF9900","O":"FFFF9900","P":"FFFF9900","Q":"FFFF9900","R":"FFFF9900","S":"FFFF9900","T":"FFFF9900","U":"FFFF9900","V":"FFFF9900","W":"FFFF9900","X":"FFFF9900","Y":"FFFF9900","Z":"FFFF9900","AA":"FFFF9900","AB":"FFFF9900","AC":"FFFF9900","AD":"FFFF9900","AE":"FFFF9900","AF":"FFFF9900","AG":"FFFF9900"}', '{"A":"theme:1","B":"theme:1","C":"theme:1","D":"theme:1","E":"theme:1","F":"theme:1","G":"theme:1","H":"theme:1","I":"theme:1","J":"theme:1","K":"theme:1","L":"theme:1","M":"theme:1","N":"theme:1","O":"theme:1","P":"theme:1","Q":"theme:1","R":"theme:1","S":"theme:1","T":"theme:1","U":"theme:1","V":"theme:1","W":"theme:1","X":"theme:1","Y":"theme:1","Z":"theme:1","AA":"theme:1","AB":"theme:1","AC":"theme:1","AD":"theme:1","AE":"theme:1","AF":"theme:1","AG":"theme:1"}', '2026-05-30T13:04:58', 'workbook-import');
INSERT INTO programs (id, country, row_number, band_key, fields_json, links_json, source_color, source_font_colors_json, source_colors_by_column_json, source_font_colors_by_column_json, updated_at, updated_by) VALUES ('germany-104', 'Germany', 104, 'skipped', '{"university":"Aalen","course":"Machine Learning and Data Analytics","applied":"No(missed deadline)","commentsRejectionReason":"","enrollmentDeadline":"","tuitionFeeEurosPerSem":"1500","dateApplied":"","applicationOpen":"","deadline":"2026-03-15","uniAssist":"","website":"","daad":""}', '[]', NULL, '["theme:1"]', '{}', '{"A":"theme:1","B":"theme:1","C":"theme:1","D":"theme:1","E":"theme:1","F":"theme:1","G":"theme:1","H":"theme:1","I":"theme:1","J":"theme:1","K":"theme:1","L":"theme:1","M":"theme:1","N":"theme:1","O":"theme:1","P":"theme:1","Q":"theme:1","R":"theme:1","S":"theme:1","T":"theme:1","U":"theme:1","V":"theme:1","W":"theme:1","X":"theme:1","Y":"theme:1","Z":"theme:1","AA":"theme:1","AB":"theme:1","AC":"theme:1","AD":"theme:1","AE":"theme:1","AF":"theme:1","AG":"theme:1"}', '2026-05-30T13:04:58', 'workbook-import');
INSERT INTO programs (id, country, row_number, band_key, fields_json, links_json, source_color, source_font_colors_json, source_colors_by_column_json, source_font_colors_by_column_json, updated_at, updated_by) VALUES ('germany-105', 'Germany', 105, 'skipped', '{"university":"Fulda University of Applied Sciences","course":"Data Science","applied":"No(Need A2 German)","commentsRejectionReason":"","enrollmentDeadline":"","tuitionFeeEurosPerSem":"Free","dateApplied":"","applicationOpen":"","deadline":"2026-05-31","uniAssist":"Yes","website":"","daad":""}', '[]', 'FFFFFFFF', '["theme:1"]', '{"C":"FFFFFFFF"}', '{"A":"theme:1","B":"theme:1","C":"theme:1","D":"theme:1","E":"theme:1","F":"theme:1","G":"theme:1","H":"theme:1","I":"theme:1","J":"theme:1","K":"theme:1","L":"theme:1","M":"theme:1","N":"theme:1","O":"theme:1","P":"theme:1","Q":"theme:1","R":"theme:1","S":"theme:1","T":"theme:1","U":"theme:1","V":"theme:1","W":"theme:1","X":"theme:1","Y":"theme:1","Z":"theme:1","AA":"theme:1","AB":"theme:1","AC":"theme:1","AD":"theme:1","AE":"theme:1","AF":"theme:1","AG":"theme:1"}', '2026-05-30T13:04:58', 'workbook-import');
INSERT INTO programs (id, country, row_number, band_key, fields_json, links_json, source_color, source_font_colors_json, source_colors_by_column_json, source_font_colors_by_column_json, updated_at, updated_by) VALUES ('germany-106', 'Germany', 106, 'skipped', '{"university":"Ruhr-Universität Bochum","course":"Applied IT Security","applied":"No(online + 2900)","commentsRejectionReason":"","enrollmentDeadline":"","tuitionFeeEurosPerSem":"","dateApplied":"","applicationOpen":"","deadline":"","uniAssist":"","website":"","daad":""}', '[]', 'FFFFFFFF', '["FF000000","theme:1"]', '{"B":"FFFFFFFF"}', '{"A":"theme:1","B":"FF000000","C":"theme:1","D":"theme:1","E":"theme:1","F":"theme:1","G":"theme:1","H":"theme:1","I":"theme:1","J":"theme:1","K":"theme:1","L":"theme:1","M":"theme:1","N":"theme:1","O":"theme:1","P":"theme:1","Q":"theme:1","R":"theme:1","S":"theme:1","T":"theme:1","U":"theme:1","V":"theme:1","W":"theme:1","X":"theme:1","Y":"theme:1","Z":"theme:1","AA":"theme:1","AB":"theme:1","AC":"theme:1","AD":"theme:1","AE":"theme:1","AF":"theme:1","AG":"theme:1"}', '2026-05-30T13:04:58', 'workbook-import');
INSERT INTO programs (id, country, row_number, band_key, fields_json, links_json, source_color, source_font_colors_json, source_colors_by_column_json, source_font_colors_by_column_json, updated_at, updated_by) VALUES ('germany-107', 'Germany', 107, 'skipped', '{"university":"University of Hamburg","course":"MSc Intelligent Adaptive Systems (IAS)","applied":"No(only 1 course allowed)","commentsRejectionReason":"","enrollmentDeadline":"","tuitionFeeEurosPerSem":"Free","dateApplied":"","applicationOpen":"","deadline":"2026-03-31","uniAssist":"","website":"","daad":""}', '[]', NULL, '["theme:1"]', '{"M":"FFD9EAD3","N":"FFD9EAD3","O":"FFD9EAD3","P":"FFD9EAD3","Q":"FFD9EAD3","R":"FFD9EAD3","S":"FFD9EAD3","T":"FFD9EAD3","U":"FFD9EAD3","V":"FFD9EAD3","W":"FFD9EAD3","X":"FFD9EAD3","Y":"FFD9EAD3","Z":"FFD9EAD3","AA":"FFD9EAD3","AB":"FFD9EAD3","AC":"FFD9EAD3","AD":"FFD9EAD3","AE":"FFD9EAD3","AF":"FFD9EAD3","AG":"FFD9EAD3"}', '{"A":"theme:1","B":"theme:1","C":"theme:1","D":"theme:1","E":"theme:1","F":"theme:1","G":"theme:1","H":"theme:1","I":"theme:1","J":"theme:1","K":"theme:1","L":"theme:1","M":"theme:1","N":"theme:1","O":"theme:1","P":"theme:1","Q":"theme:1","R":"theme:1","S":"theme:1","T":"theme:1","U":"theme:1","V":"theme:1","W":"theme:1","X":"theme:1","Y":"theme:1","Z":"theme:1","AA":"theme:1","AB":"theme:1","AC":"theme:1","AD":"theme:1","AE":"theme:1","AF":"theme:1","AG":"theme:1"}', '2026-05-30T13:04:58', 'workbook-import');
INSERT INTO programs (id, country, row_number, band_key, fields_json, links_json, source_color, source_font_colors_json, source_colors_by_column_json, source_font_colors_by_column_json, updated_at, updated_by) VALUES ('germany-108', 'Germany', 108, 'skipped', '{"university":"TU Darmstadt","course":"Computer Science","applied":"No(only 1)","commentsRejectionReason":"","enrollmentDeadline":"","tuitionFeeEurosPerSem":"Free","dateApplied":"","applicationOpen":"","deadline":"2026-07-15","uniAssist":"","website":"https://www.tu-darmstadt.de/studieren/studieninteressierte/bewerbung_zulassung_tu/online_bewerbung/index.en.jsp","daad":""}', '[{"field":"website","label":"Website","url":"https://www.tu-darmstadt.de/studieren/studieninteressierte/bewerbung_zulassung_tu/online_bewerbung/index.en.jsp"}]', NULL, '["FF0000FF","theme:1"]', '{"M":"FFD9EAD3","N":"FFD9EAD3","O":"FFD9EAD3","P":"FFD9EAD3","Q":"FFD9EAD3","R":"FFD9EAD3","S":"FFD9EAD3","T":"FFD9EAD3","U":"FFD9EAD3","V":"FFD9EAD3","W":"FFD9EAD3","X":"FFD9EAD3","Y":"FFD9EAD3","Z":"FFD9EAD3","AA":"FFD9EAD3","AB":"FFD9EAD3","AC":"FFD9EAD3","AD":"FFD9EAD3","AE":"FFD9EAD3","AF":"FFD9EAD3","AG":"FFD9EAD3"}', '{"A":"theme:1","B":"theme:1","C":"theme:1","D":"theme:1","E":"theme:1","F":"theme:1","G":"theme:1","H":"theme:1","I":"theme:1","J":"theme:1","K":"FF0000FF","L":"theme:1","M":"theme:1","N":"theme:1","O":"theme:1","P":"theme:1","Q":"theme:1","R":"theme:1","S":"theme:1","T":"theme:1","U":"theme:1","V":"theme:1","W":"theme:1","X":"theme:1","Y":"theme:1","Z":"theme:1","AA":"theme:1","AB":"theme:1","AC":"theme:1","AD":"theme:1","AE":"theme:1","AF":"theme:1","AG":"theme:1"}', '2026-05-30T13:04:58', 'workbook-import');
INSERT INTO programs (id, country, row_number, band_key, fields_json, links_json, source_color, source_font_colors_json, source_colors_by_column_json, source_font_colors_by_column_json, updated_at, updated_by) VALUES ('germany-109', 'Germany', 109, 'skipped', '{"university":"TU Darmstadt","course":"IT Security","applied":"No(only 1)","commentsRejectionReason":"","enrollmentDeadline":"","tuitionFeeEurosPerSem":"Free","dateApplied":"","applicationOpen":"","deadline":"2026-07-15","uniAssist":"","website":"","daad":""}', '[]', NULL, '["theme:1"]', '{}', '{"A":"theme:1","B":"theme:1","C":"theme:1","D":"theme:1","E":"theme:1","F":"theme:1","G":"theme:1","H":"theme:1","I":"theme:1","J":"theme:1","K":"theme:1","L":"theme:1","M":"theme:1","N":"theme:1","O":"theme:1","P":"theme:1","Q":"theme:1","R":"theme:1","S":"theme:1","T":"theme:1","U":"theme:1","V":"theme:1","W":"theme:1","X":"theme:1","Y":"theme:1","Z":"theme:1","AA":"theme:1","AB":"theme:1","AC":"theme:1","AD":"theme:1","AE":"theme:1","AF":"theme:1","AG":"theme:1"}', '2026-05-30T13:04:58', 'workbook-import');
INSERT INTO programs (id, country, row_number, band_key, fields_json, links_json, source_color, source_font_colors_json, source_colors_by_column_json, source_font_colors_by_column_json, updated_at, updated_by) VALUES ('germany-110', 'Germany', 110, 'skipped', '{"university":"Carl von Ossietzky University of Oldenburg","course":"Data Science and Machine Learning","applied":"No(only 30 seats)","commentsRejectionReason":"","enrollmentDeadline":"","tuitionFeeEurosPerSem":"Free","dateApplied":"","applicationOpen":"2026-03-15","deadline":"2026-04-30","uniAssist":"Yes","website":"","daad":""}', '[]', 'FFFFFFFF', '["theme:1"]', '{"C":"FFFFFFFF","M":"FF00FF00","N":"FF00FF00","O":"FF00FF00","P":"FF00FF00","Q":"FF00FF00","R":"FF00FF00","S":"FF00FF00","T":"FF00FF00","U":"FF00FF00","V":"FF00FF00","W":"FF00FF00","X":"FF00FF00","Y":"FF00FF00","Z":"FF00FF00","AA":"FF00FF00","AB":"FF00FF00","AC":"FF00FF00","AD":"FF00FF00","AE":"FF00FF00","AF":"FF00FF00","AG":"FF00FF00"}', '{"A":"theme:1","B":"theme:1","C":"theme:1","D":"theme:1","E":"theme:1","F":"theme:1","G":"theme:1","H":"theme:1","I":"theme:1","J":"theme:1","K":"theme:1","L":"theme:1","M":"theme:1","N":"theme:1","O":"theme:1","P":"theme:1","Q":"theme:1","R":"theme:1","S":"theme:1","T":"theme:1","U":"theme:1","V":"theme:1","W":"theme:1","X":"theme:1","Y":"theme:1","Z":"theme:1","AA":"theme:1","AB":"theme:1","AC":"theme:1","AD":"theme:1","AE":"theme:1","AF":"theme:1","AG":"theme:1"}', '2026-05-30T13:04:58', 'workbook-import');
INSERT INTO programs (id, country, row_number, band_key, fields_json, links_json, source_color, source_font_colors_json, source_colors_by_column_json, source_font_colors_by_column_json, updated_at, updated_by) VALUES ('germany-111', 'Germany', 111, 'skipped', '{"university":"TU Dortmund","course":"Data Science","applied":"No(requirements not met)","commentsRejectionReason":"","enrollmentDeadline":"","tuitionFeeEurosPerSem":"Free","dateApplied":"","applicationOpen":"2026-01-01","deadline":"2026-06-01","uniAssist":"Yes","website":"https://statistik.tu-dortmund.de/en/studies/degrees/data-science-msc/admission/","daad":""}', '[{"field":"website","label":"Website","url":"https://statistik.tu-dortmund.de/en/studies/degrees/data-science-msc/admission/"}]', NULL, '["FF0000FF","theme:1"]', '{"M":"FFD9EAD3","N":"FFD9EAD3","O":"FFD9EAD3","P":"FFD9EAD3","Q":"FFD9EAD3","R":"FFD9EAD3","S":"FFD9EAD3","T":"FFD9EAD3","U":"FFD9EAD3","V":"FFD9EAD3","W":"FFD9EAD3","X":"FFD9EAD3","Y":"FFD9EAD3","Z":"FFD9EAD3","AA":"FFD9EAD3","AB":"FFD9EAD3","AC":"FFD9EAD3","AD":"FFD9EAD3","AE":"FFD9EAD3","AF":"FFD9EAD3","AG":"FFD9EAD3"}', '{"A":"theme:1","B":"theme:1","C":"theme:1","D":"theme:1","E":"theme:1","F":"theme:1","G":"theme:1","H":"theme:1","I":"theme:1","J":"theme:1","K":"FF0000FF","L":"theme:1","M":"theme:1","N":"theme:1","O":"theme:1","P":"theme:1","Q":"theme:1","R":"theme:1","S":"theme:1","T":"theme:1","U":"theme:1","V":"theme:1","W":"theme:1","X":"theme:1","Y":"theme:1","Z":"theme:1","AA":"theme:1","AB":"theme:1","AC":"theme:1","AD":"theme:1","AE":"theme:1","AF":"theme:1","AG":"theme:1"}', '2026-05-30T13:04:58', 'workbook-import');
INSERT INTO programs (id, country, row_number, band_key, fields_json, links_json, source_color, source_font_colors_json, source_colors_by_column_json, source_font_colors_by_column_json, updated_at, updated_by) VALUES ('germany-112', 'Germany', 112, 'skipped', '{"university":"University of Tubingen","course":"Data Science in Business Economics","applied":"No(Requires economics)","commentsRejectionReason":"","enrollmentDeadline":"","tuitionFeeEurosPerSem":"1500","dateApplied":"","applicationOpen":"","deadline":"2026-05-15","uniAssist":"","website":"","daad":""}', '[]', NULL, '["theme:1"]', '{}', '{"A":"theme:1","B":"theme:1","C":"theme:1","D":"theme:1","E":"theme:1","F":"theme:1","G":"theme:1","H":"theme:1","I":"theme:1","J":"theme:1","K":"theme:1","L":"theme:1","M":"theme:1","N":"theme:1","O":"theme:1","P":"theme:1","Q":"theme:1","R":"theme:1","S":"theme:1","T":"theme:1","U":"theme:1","V":"theme:1","W":"theme:1","X":"theme:1","Y":"theme:1","Z":"theme:1","AA":"theme:1","AB":"theme:1","AC":"theme:1","AD":"theme:1","AE":"theme:1","AF":"theme:1","AG":"theme:1"}', '2026-05-30T13:04:58', 'workbook-import');
INSERT INTO programs (id, country, row_number, band_key, fields_json, links_json, source_color, source_font_colors_json, source_colors_by_column_json, source_font_colors_by_column_json, updated_at, updated_by) VALUES ('germany-113', 'Germany', 113, 'skipped', '{"university":"University of Hohenheim","course":"Economics with Data Science","applied":"No(Requires economics)","commentsRejectionReason":"","enrollmentDeadline":"","tuitionFeeEurosPerSem":"1500","dateApplied":"","applicationOpen":"","deadline":"2026-05-15","uniAssist":"","website":"","daad":""}', '[]', NULL, '["theme:1"]', '{"M":"FFD9EAD3","N":"FFD9EAD3","O":"FFD9EAD3","P":"FFD9EAD3","Q":"FFD9EAD3","R":"FFD9EAD3","S":"FFD9EAD3","T":"FFD9EAD3","U":"FFD9EAD3","V":"FFD9EAD3","W":"FFD9EAD3","X":"FFD9EAD3","Y":"FFD9EAD3","Z":"FFD9EAD3","AA":"FFD9EAD3","AB":"FFD9EAD3","AC":"FFD9EAD3","AD":"FFD9EAD3","AE":"FFD9EAD3","AF":"FFD9EAD3","AG":"FFD9EAD3"}', '{"A":"theme:1","B":"theme:1","C":"theme:1","D":"theme:1","E":"theme:1","F":"theme:1","G":"theme:1","H":"theme:1","I":"theme:1","J":"theme:1","K":"theme:1","L":"theme:1","M":"theme:1","N":"theme:1","O":"theme:1","P":"theme:1","Q":"theme:1","R":"theme:1","S":"theme:1","T":"theme:1","U":"theme:1","V":"theme:1","W":"theme:1","X":"theme:1","Y":"theme:1","Z":"theme:1","AA":"theme:1","AB":"theme:1","AC":"theme:1","AD":"theme:1","AE":"theme:1","AF":"theme:1","AG":"theme:1"}', '2026-05-30T13:04:58', 'workbook-import');
INSERT INTO programs (id, country, row_number, band_key, fields_json, links_json, source_color, source_font_colors_json, source_colors_by_column_json, source_font_colors_by_column_json, updated_at, updated_by) VALUES ('germany-114', 'Germany', 114, 'skipped', '{"university":"University of Mannheim","course":"Data Science","applied":"No(requires GRE)","commentsRejectionReason":"","enrollmentDeadline":"","tuitionFeeEurosPerSem":"1500","dateApplied":"","applicationOpen":"2026-04-01","deadline":"2026-05-15","uniAssist":"","website":"","daad":""}', '[]', 'FFFFFFFF', '["theme:1"]', '{"H":"FFFFFFFF"}', '{"A":"theme:1","B":"theme:1","C":"theme:1","D":"theme:1","E":"theme:1","F":"theme:1","G":"theme:1","H":"theme:1","I":"theme:1","J":"theme:1","K":"theme:1","L":"theme:1","M":"theme:1","N":"theme:1","O":"theme:1","P":"theme:1","Q":"theme:1","R":"theme:1","S":"theme:1","T":"theme:1","U":"theme:1","V":"theme:1","W":"theme:1","X":"theme:1","Y":"theme:1","Z":"theme:1","AA":"theme:1","AB":"theme:1","AC":"theme:1","AD":"theme:1","AE":"theme:1","AF":"theme:1","AG":"theme:1"}', '2026-05-30T13:04:58', 'workbook-import');
INSERT INTO programs (id, country, row_number, band_key, fields_json, links_json, source_color, source_font_colors_json, source_colors_by_column_json, source_font_colors_by_column_json, updated_at, updated_by) VALUES ('germany-115', 'Germany', 115, 'skipped', '{"university":"Leuphana University Lüneburg","course":"Management and Data Science","applied":"No(requires VPD)","commentsRejectionReason":"","enrollmentDeadline":"","tuitionFeeEurosPerSem":"Free","dateApplied":"","applicationOpen":"","deadline":"2026-05-01","uniAssist":"","website":"","daad":""}', '[]', NULL, '["theme:1"]', '{}', '{"A":"theme:1","B":"theme:1","C":"theme:1","D":"theme:1","E":"theme:1","F":"theme:1","G":"theme:1","H":"theme:1","I":"theme:1","J":"theme:1","K":"theme:1","L":"theme:1","M":"theme:1","N":"theme:1","O":"theme:1","P":"theme:1","Q":"theme:1","R":"theme:1","S":"theme:1","T":"theme:1","U":"theme:1","V":"theme:1","W":"theme:1","X":"theme:1","Y":"theme:1","Z":"theme:1","AA":"theme:1","AB":"theme:1","AC":"theme:1","AD":"theme:1","AE":"theme:1","AF":"theme:1","AG":"theme:1"}', '2026-05-30T13:04:58', 'workbook-import');
INSERT INTO programs (id, country, row_number, band_key, fields_json, links_json, source_color, source_font_colors_json, source_colors_by_column_json, source_font_colors_by_column_json, updated_at, updated_by) VALUES ('germany-116', 'Germany', 116, 'skipped', '{"university":"Technische Hochschule Ingolstadt","course":"Sociotechnical Cybersecurity","applied":"No(summer)","commentsRejectionReason":"","enrollmentDeadline":"","tuitionFeeEurosPerSem":"1200","dateApplied":"","applicationOpen":"","deadline":"2026-07-15","uniAssist":"VPD","website":"https://www.thi.de/en/computer-science/degree-programmes/sociotechnical-cybersecurity-msc/","daad":""}', '[{"field":"website","label":"Website","url":"https://www.thi.de/en/computer-science/degree-programmes/sociotechnical-cybersecurity-msc/"}]', NULL, '["FF0000FF","theme:1"]', '{}', '{"A":"theme:1","B":"theme:1","C":"theme:1","D":"theme:1","E":"theme:1","F":"theme:1","G":"theme:1","H":"theme:1","I":"theme:1","J":"theme:1","K":"FF0000FF","L":"theme:1","M":"theme:1","N":"theme:1","O":"theme:1","P":"theme:1","Q":"theme:1","R":"theme:1","S":"theme:1","T":"theme:1","U":"theme:1","V":"theme:1","W":"theme:1","X":"theme:1","Y":"theme:1","Z":"theme:1","AA":"theme:1","AB":"theme:1","AC":"theme:1","AD":"theme:1","AE":"theme:1","AF":"theme:1","AG":"theme:1"}', '2026-05-30T13:04:58', 'workbook-import');
INSERT INTO programs (id, country, row_number, band_key, fields_json, links_json, source_color, source_font_colors_json, source_colors_by_column_json, source_font_colors_by_column_json, updated_at, updated_by) VALUES ('germany-117', 'Germany', 117, 'skipped', '{"university":"University of Potsdam","course":"Data Science","applied":"No(suspended)","commentsRejectionReason":"","enrollmentDeadline":"","tuitionFeeEurosPerSem":"Free","dateApplied":"","applicationOpen":"","deadline":"2026-06-01","uniAssist":"Yes","website":"","daad":""}', '[]', NULL, '["theme:1"]', '{}', '{"A":"theme:1","B":"theme:1","C":"theme:1","D":"theme:1","E":"theme:1","F":"theme:1","G":"theme:1","H":"theme:1","I":"theme:1","J":"theme:1","K":"theme:1","L":"theme:1","M":"theme:1","N":"theme:1","O":"theme:1","P":"theme:1","Q":"theme:1","R":"theme:1","S":"theme:1","T":"theme:1","U":"theme:1","V":"theme:1","W":"theme:1","X":"theme:1","Y":"theme:1","Z":"theme:1","AA":"theme:1","AB":"theme:1","AC":"theme:1","AD":"theme:1","AE":"theme:1","AF":"theme:1","AG":"theme:1"}', '2026-05-30T13:04:58', 'workbook-import');
INSERT INTO programs (id, country, row_number, band_key, fields_json, links_json, source_color, source_font_colors_json, source_colors_by_column_json, source_font_colors_by_column_json, updated_at, updated_by) VALUES ('germany-118', 'Germany', 118, 'skipped', '{"university":"University of Bayreuth","course":"Philosophy and Computer Science","applied":"No(uni assist)","commentsRejectionReason":"","enrollmentDeadline":"","tuitionFeeEurosPerSem":"Free","dateApplied":"","applicationOpen":"2026-03-01","deadline":"2026-05-15","uniAssist":"","website":"","daad":""}', '[]', 'FFF4F4F4', '["FF0060AF","theme:1"]', '{"B":"FFF4F4F4","H":"FFFFFFFF","M":"theme:0","N":"theme:0","O":"theme:0","P":"theme:0","Q":"theme:0","R":"theme:0","S":"theme:0","T":"theme:0","U":"theme:0","V":"theme:0","W":"theme:0","X":"theme:0","Y":"theme:0","Z":"theme:0","AA":"theme:0","AB":"theme:0","AC":"theme:0","AD":"theme:0","AE":"theme:0","AF":"theme:0","AG":"theme:0"}', '{"A":"theme:1","B":"FF0060AF","C":"theme:1","D":"theme:1","E":"theme:1","F":"theme:1","G":"theme:1","H":"theme:1","I":"theme:1","J":"theme:1","K":"theme:1","L":"theme:1","M":"theme:1","N":"theme:1","O":"theme:1","P":"theme:1","Q":"theme:1","R":"theme:1","S":"theme:1","T":"theme:1","U":"theme:1","V":"theme:1","W":"theme:1","X":"theme:1","Y":"theme:1","Z":"theme:1","AA":"theme:1","AB":"theme:1","AC":"theme:1","AD":"theme:1","AE":"theme:1","AF":"theme:1","AG":"theme:1"}', '2026-05-30T13:04:58', 'workbook-import');
INSERT INTO programs (id, country, row_number, band_key, fields_json, links_json, source_color, source_font_colors_json, source_colors_by_column_json, source_font_colors_by_column_json, updated_at, updated_by) VALUES ('germany-119', 'Germany', 119, 'skipped', '{"university":"University of Bayreuth","course":"Scientific Computing","applied":"No(VPD)","commentsRejectionReason":"","enrollmentDeadline":"","tuitionFeeEurosPerSem":"Free","dateApplied":"","applicationOpen":"","deadline":"2026-05-15","uniAssist":"VPD","website":"","daad":""}', '[]', NULL, '["theme:1"]', '{}', '{"A":"theme:1","B":"theme:1","C":"theme:1","D":"theme:1","E":"theme:1","F":"theme:1","G":"theme:1","H":"theme:1","I":"theme:1","J":"theme:1","K":"theme:1","L":"theme:1","M":"theme:1","N":"theme:1","O":"theme:1","P":"theme:1","Q":"theme:1","R":"theme:1","S":"theme:1","T":"theme:1","U":"theme:1","V":"theme:1","W":"theme:1","X":"theme:1","Y":"theme:1","Z":"theme:1","AA":"theme:1","AB":"theme:1","AC":"theme:1","AD":"theme:1","AE":"theme:1","AF":"theme:1","AG":"theme:1"}', '2026-05-30T13:04:58', 'workbook-import');
INSERT INTO programs (id, country, row_number, band_key, fields_json, links_json, source_color, source_font_colors_json, source_colors_by_column_json, source_font_colors_by_column_json, updated_at, updated_by) VALUES ('germany-120', 'Germany', 120, 'skipped', '{"university":"Freie Universität Berlin","course":"Data Science","applied":"No(20 seat)","commentsRejectionReason":"","enrollmentDeadline":"","tuitionFeeEurosPerSem":"Free","dateApplied":"","applicationOpen":"2026-04-15","deadline":"2026-05-31","uniAssist":"Yes","website":"","daad":""}', '[]', 'FFFFFFFF', '["theme:1"]', '{"C":"FFFFFFFF","H":"FFFFFFFF","M":"FFD9EAD3","N":"FFD9EAD3","O":"FFD9EAD3","P":"FFD9EAD3","Q":"FFD9EAD3","R":"FFD9EAD3","S":"FFD9EAD3","T":"FFD9EAD3","U":"FFD9EAD3","V":"FFD9EAD3","W":"FFD9EAD3","X":"FFD9EAD3","Y":"FFD9EAD3","Z":"FFD9EAD3","AA":"FFD9EAD3","AB":"FFD9EAD3","AC":"FFD9EAD3","AD":"FFD9EAD3","AE":"FFD9EAD3","AF":"FFD9EAD3","AG":"FFD9EAD3"}', '{"A":"theme:1","B":"theme:1","C":"theme:1","D":"theme:1","E":"theme:1","F":"theme:1","G":"theme:1","H":"theme:1","I":"theme:1","J":"theme:1","K":"theme:1","L":"theme:1","M":"theme:1","N":"theme:1","O":"theme:1","P":"theme:1","Q":"theme:1","R":"theme:1","S":"theme:1","T":"theme:1","U":"theme:1","V":"theme:1","W":"theme:1","X":"theme:1","Y":"theme:1","Z":"theme:1","AA":"theme:1","AB":"theme:1","AC":"theme:1","AD":"theme:1","AE":"theme:1","AF":"theme:1","AG":"theme:1"}', '2026-05-30T13:04:58', 'workbook-import');
INSERT INTO programs (id, country, row_number, band_key, fields_json, links_json, source_color, source_font_colors_json, source_colors_by_column_json, source_font_colors_by_column_json, updated_at, updated_by) VALUES ('germany-121', 'Germany', 121, 'skipped', '{"university":"Freie Universität Berlin","course":"Computer Science","applied":"No","commentsRejectionReason":"","enrollmentDeadline":"","tuitionFeeEurosPerSem":"Free","dateApplied":"","applicationOpen":"2026-04-15","deadline":"2026-05-31","uniAssist":"Yes","website":"","daad":""}', '[]', 'FFFFFFFF', '["theme:1"]', '{"C":"FFFFFFFF","H":"FFFFFFFF","M":"FFD9EAD3","N":"FFD9EAD3","O":"FFD9EAD3","P":"FFD9EAD3","Q":"FFD9EAD3","R":"FFD9EAD3","S":"FFD9EAD3","T":"FFD9EAD3","U":"FFD9EAD3","V":"FFD9EAD3","W":"FFD9EAD3","X":"FFD9EAD3","Y":"FFD9EAD3","Z":"FFD9EAD3","AA":"FFD9EAD3","AB":"FFD9EAD3","AC":"FFD9EAD3","AD":"FFD9EAD3","AE":"FFD9EAD3","AF":"FFD9EAD3","AG":"FFD9EAD3"}', '{"A":"theme:1","B":"theme:1","C":"theme:1","D":"theme:1","E":"theme:1","F":"theme:1","G":"theme:1","H":"theme:1","I":"theme:1","J":"theme:1","K":"theme:1","L":"theme:1","M":"theme:1","N":"theme:1","O":"theme:1","P":"theme:1","Q":"theme:1","R":"theme:1","S":"theme:1","T":"theme:1","U":"theme:1","V":"theme:1","W":"theme:1","X":"theme:1","Y":"theme:1","Z":"theme:1","AA":"theme:1","AB":"theme:1","AC":"theme:1","AD":"theme:1","AE":"theme:1","AF":"theme:1","AG":"theme:1"}', '2026-05-30T13:04:58', 'workbook-import');
INSERT INTO programs (id, country, row_number, band_key, fields_json, links_json, source_color, source_font_colors_json, source_colors_by_column_json, source_font_colors_by_column_json, updated_at, updated_by) VALUES ('germany-122', 'Germany', 122, 'skipped', '{"university":"Coburg UAS","course":"Visual Computing and Artificial intelligence","applied":"No(German)","commentsRejectionReason":"","enrollmentDeadline":"","tuitionFeeEurosPerSem":"Free","dateApplied":"","applicationOpen":"2026-05-02","deadline":"2026-09-30","uniAssist":"","website":"","daad":""}', '[]', NULL, '["theme:1"]', '{}', '{"A":"theme:1","B":"theme:1","C":"theme:1","D":"theme:1","E":"theme:1","F":"theme:1","G":"theme:1","H":"theme:1","I":"theme:1","J":"theme:1","K":"theme:1","L":"theme:1","M":"theme:1","N":"theme:1","O":"theme:1","P":"theme:1","Q":"theme:1","R":"theme:1","S":"theme:1","T":"theme:1","U":"theme:1","V":"theme:1","W":"theme:1","X":"theme:1","Y":"theme:1","Z":"theme:1","AA":"theme:1","AB":"theme:1","AC":"theme:1","AD":"theme:1","AE":"theme:1","AF":"theme:1","AG":"theme:1"}', '2026-05-30T13:04:58', 'workbook-import');
INSERT INTO programs (id, country, row_number, band_key, fields_json, links_json, source_color, source_font_colors_json, source_colors_by_column_json, source_font_colors_by_column_json, updated_at, updated_by) VALUES ('germany-123', 'Germany', 123, 'skipped', '{"university":"Amberg-weiden OTH","course":"Artificial Intelligence for Industrial Applications","applied":"No(80 euros fee)","commentsRejectionReason":"","enrollmentDeadline":"","tuitionFeeEurosPerSem":"Free","dateApplied":"50 euros fee + vpd","applicationOpen":"2026-04-15","deadline":"2026-06-08","uniAssist":"VPD","website":"","daad":""}', '[]', 'FFFFFFFF', '["theme:1"]', '{"H":"FFFFFFFF","M":"FFD9EAD3","N":"FFD9EAD3","O":"FFD9EAD3","P":"FFD9EAD3","Q":"FFD9EAD3","R":"FFD9EAD3","S":"FFD9EAD3","T":"FFD9EAD3","U":"FFD9EAD3","V":"FFD9EAD3","W":"FFD9EAD3","X":"FFD9EAD3","Y":"FFD9EAD3","Z":"FFD9EAD3","AA":"FFD9EAD3","AB":"FFD9EAD3","AC":"FFD9EAD3","AD":"FFD9EAD3","AE":"FFD9EAD3","AF":"FFD9EAD3","AG":"FFD9EAD3"}', '{"A":"theme:1","B":"theme:1","C":"theme:1","D":"theme:1","E":"theme:1","F":"theme:1","G":"theme:1","H":"theme:1","I":"theme:1","J":"theme:1","K":"theme:1","L":"theme:1","M":"theme:1","N":"theme:1","O":"theme:1","P":"theme:1","Q":"theme:1","R":"theme:1","S":"theme:1","T":"theme:1","U":"theme:1","V":"theme:1","W":"theme:1","X":"theme:1","Y":"theme:1","Z":"theme:1","AA":"theme:1","AB":"theme:1","AC":"theme:1","AD":"theme:1","AE":"theme:1","AF":"theme:1","AG":"theme:1"}', '2026-05-30T13:04:58', 'workbook-import');
INSERT INTO programs (id, country, row_number, band_key, fields_json, links_json, source_color, source_font_colors_json, source_colors_by_column_json, source_font_colors_by_column_json, updated_at, updated_by) VALUES ('germany-124', 'Germany', 124, 'skipped', '{"university":"Berliner Hochschule für Technik (BHT)","course":"Data Science","applied":"No(only 1 non-EU seat)","commentsRejectionReason":"","enrollmentDeadline":"","tuitionFeeEurosPerSem":"Free","dateApplied":"","applicationOpen":"2026-05-04","deadline":"2026-06-15","uniAssist":"Yes","website":"","daad":""}', '[]', NULL, '["theme:1"]', '{"M":"FFD9EAD3","N":"FFD9EAD3","O":"FFD9EAD3","P":"FFD9EAD3","Q":"FFD9EAD3","R":"FFD9EAD3","S":"FFD9EAD3","T":"FFD9EAD3","U":"FFD9EAD3","V":"FFD9EAD3","W":"FFD9EAD3","X":"FFD9EAD3","Y":"FFD9EAD3","Z":"FFD9EAD3","AA":"FFD9EAD3","AB":"FFD9EAD3","AC":"FFD9EAD3","AD":"FFD9EAD3","AE":"FFD9EAD3","AF":"FFD9EAD3","AG":"FFD9EAD3"}', '{"A":"theme:1","B":"theme:1","C":"theme:1","D":"theme:1","E":"theme:1","F":"theme:1","G":"theme:1","H":"theme:1","I":"theme:1","J":"theme:1","K":"theme:1","L":"theme:1","M":"FFFF0000","N":"FFFF0000","O":"FFFF0000","P":"FFFF0000","Q":"FFFF0000","R":"FFFF0000","S":"FFFF0000","T":"FFFF0000","U":"FFFF0000","V":"FFFF0000","W":"FFFF0000","X":"FFFF0000","Y":"FFFF0000","Z":"FFFF0000","AA":"FFFF0000","AB":"FFFF0000","AC":"FFFF0000","AD":"FFFF0000","AE":"FFFF0000","AF":"FFFF0000","AG":"FFFF0000"}', '2026-05-30T13:04:58', 'workbook-import');
INSERT INTO programs (id, country, row_number, band_key, fields_json, links_json, source_color, source_font_colors_json, source_colors_by_column_json, source_font_colors_by_column_json, updated_at, updated_by) VALUES ('germany-125', 'Germany', 125, 'skipped', '{"university":"Schmalkalden University of Applied Sciences","course":"Applied Computer Science","applied":"No(missed deadline)","commentsRejectionReason":"","enrollmentDeadline":"","tuitionFeeEurosPerSem":"Free","dateApplied":"","applicationOpen":"","deadline":"2026-06-15","uniAssist":"","website":"","daad":""}', '[]', NULL, '["theme:1"]', '{"M":"FFD9EAD3","N":"FFD9EAD3","O":"FFD9EAD3","P":"FFD9EAD3","Q":"FFD9EAD3","R":"FFD9EAD3","S":"FFD9EAD3","T":"FFD9EAD3","U":"FFD9EAD3","V":"FFD9EAD3","W":"FFD9EAD3","X":"FFD9EAD3","Y":"FFD9EAD3","Z":"FFD9EAD3","AA":"FFD9EAD3","AB":"FFD9EAD3","AC":"FFD9EAD3","AD":"FFD9EAD3","AE":"FFD9EAD3","AF":"FFD9EAD3","AG":"FFD9EAD3"}', '{"A":"theme:1","B":"theme:1","C":"theme:1","D":"theme:1","E":"theme:1","F":"theme:1","G":"theme:1","H":"theme:1","I":"theme:1","J":"theme:1","K":"theme:1","L":"theme:1","M":"theme:1","N":"theme:1","O":"theme:1","P":"theme:1","Q":"theme:1","R":"theme:1","S":"theme:1","T":"theme:1","U":"theme:1","V":"theme:1","W":"theme:1","X":"theme:1","Y":"theme:1","Z":"theme:1","AA":"theme:1","AB":"theme:1","AC":"theme:1","AD":"theme:1","AE":"theme:1","AF":"theme:1","AG":"theme:1"}', '2026-05-30T13:04:58', 'workbook-import');
INSERT INTO programs (id, country, row_number, band_key, fields_json, links_json, source_color, source_font_colors_json, source_colors_by_column_json, source_font_colors_by_column_json, updated_at, updated_by) VALUES ('germany-126', 'Germany', 126, 'skipped', '{"university":"TH Bingen UAS","course":"Computer Science","applied":"No","commentsRejectionReason":"","enrollmentDeadline":"","tuitionFeeEurosPerSem":"Free","dateApplied":"","applicationOpen":"2026-05-02","deadline":"2026-06-15","uniAssist":"Yes","website":"","daad":""}', '[]', NULL, '["theme:1"]', '{"M":"FFD9EAD3","N":"FFD9EAD3","O":"FFD9EAD3","P":"FFD9EAD3","Q":"FFD9EAD3","R":"FFD9EAD3","S":"FFD9EAD3","T":"FFD9EAD3","U":"FFD9EAD3","V":"FFD9EAD3","W":"FFD9EAD3","X":"FFD9EAD3","Y":"FFD9EAD3","Z":"FFD9EAD3","AA":"FFD9EAD3","AB":"FFD9EAD3","AC":"FFD9EAD3","AD":"FFD9EAD3","AE":"FFD9EAD3","AF":"FFD9EAD3","AG":"FFD9EAD3"}', '{"A":"theme:1","B":"theme:1","C":"theme:1","D":"theme:1","E":"theme:1","F":"theme:1","G":"theme:1","H":"theme:1","I":"theme:1","J":"theme:1","K":"theme:1","L":"theme:1","M":"theme:1","N":"theme:1","O":"theme:1","P":"theme:1","Q":"theme:1","R":"theme:1","S":"theme:1","T":"theme:1","U":"theme:1","V":"theme:1","W":"theme:1","X":"theme:1","Y":"theme:1","Z":"theme:1","AA":"theme:1","AB":"theme:1","AC":"theme:1","AD":"theme:1","AE":"theme:1","AF":"theme:1","AG":"theme:1"}', '2026-05-30T13:04:58', 'workbook-import');
INSERT INTO programs (id, country, row_number, band_key, fields_json, links_json, source_color, source_font_colors_json, source_colors_by_column_json, source_font_colors_by_column_json, updated_at, updated_by) VALUES ('germany-127', 'Germany', 127, 'skipped', '{"university":"Otto-von-Guericke-Universität Magdeburg","course":"Computer Science","applied":"No(German)","commentsRejectionReason":"","enrollmentDeadline":"","tuitionFeeEurosPerSem":"Free","dateApplied":"","applicationOpen":"2026-05-15","deadline":"2026-07-15","uniAssist":"","website":"https://www.ovgu.de/unimagdeburg/en/Study/Study+Programmes/Master/Computer+Science-p-17637.html","daad":""}', '[{"field":"website","label":"Website","url":"https://www.ovgu.de/unimagdeburg/en/Study/Study+Programmes/Master/Computer+Science-p-17637.html"}]', NULL, '["FF0000FF","theme:1"]', '{}', '{"A":"theme:1","B":"theme:1","C":"theme:1","D":"theme:1","E":"theme:1","F":"theme:1","G":"theme:1","H":"theme:1","I":"theme:1","J":"theme:1","K":"FF0000FF","L":"theme:1","M":"theme:1","N":"theme:1","O":"theme:1","P":"theme:1","Q":"theme:1","R":"theme:1","S":"theme:1","T":"theme:1","U":"theme:1","V":"theme:1","W":"theme:1","X":"theme:1","Y":"theme:1","Z":"theme:1","AA":"theme:1","AB":"theme:1","AC":"theme:1","AD":"theme:1","AE":"theme:1","AF":"theme:1","AG":"theme:1"}', '2026-05-30T13:04:58', 'workbook-import');
INSERT INTO programs (id, country, row_number, band_key, fields_json, links_json, source_color, source_font_colors_json, source_colors_by_column_json, source_font_colors_by_column_json, updated_at, updated_by) VALUES ('germany-128', 'Germany', 128, 'skipped', '{"university":"Marburg University","course":"Computer Science","applied":"No","commentsRejectionReason":"","enrollmentDeadline":"","tuitionFeeEurosPerSem":"Free","dateApplied":"","applicationOpen":"2026-05-15","deadline":"2026-07-15","uniAssist":"Yes","website":"","daad":""}', '[]', NULL, '["theme:1"]', '{}', '{"A":"theme:1","B":"theme:1","C":"theme:1","D":"theme:1","E":"theme:1","F":"theme:1","G":"theme:1","H":"theme:1","I":"theme:1","J":"theme:1","K":"theme:1","L":"theme:1","M":"theme:1","N":"theme:1","O":"theme:1","P":"theme:1","Q":"theme:1","R":"theme:1","S":"theme:1","T":"theme:1","U":"theme:1","V":"theme:1","W":"theme:1","X":"theme:1","Y":"theme:1","Z":"theme:1","AA":"theme:1","AB":"theme:1","AC":"theme:1","AD":"theme:1","AE":"theme:1","AF":"theme:1","AG":"theme:1"}', '2026-05-30T13:04:58', 'workbook-import');
INSERT INTO programs (id, country, row_number, band_key, fields_json, links_json, source_color, source_font_colors_json, source_colors_by_column_json, source_font_colors_by_column_json, updated_at, updated_by) VALUES ('germany-129', 'Germany', 129, 'skipped', '{"university":"Lubeck(part time, online)","course":"Artificial Intelligence","applied":"No","commentsRejectionReason":"","enrollmentDeadline":"","tuitionFeeEurosPerSem":"Free","dateApplied":"https://ai-master.org/application","applicationOpen":"","deadline":"2026-07-15","uniAssist":"Yes","website":"","daad":""}', '[{"field":"dateApplied","label":"Date Applied","url":"https://ai-master.org/application"}]', NULL, '["FF0000FF","theme:1"]', '{}', '{"A":"theme:1","B":"theme:1","C":"theme:1","D":"theme:1","E":"theme:1","F":"theme:1","G":"FF0000FF","H":"theme:1","I":"theme:1","J":"theme:1","K":"theme:1","L":"theme:1","M":"theme:1","N":"theme:1","O":"theme:1","P":"theme:1","Q":"theme:1","R":"theme:1","S":"theme:1","T":"theme:1","U":"theme:1","V":"theme:1","W":"theme:1","X":"theme:1","Y":"theme:1","Z":"theme:1","AA":"theme:1","AB":"theme:1","AC":"theme:1","AD":"theme:1","AE":"theme:1","AF":"theme:1","AG":"theme:1"}', '2026-05-30T13:04:58', 'workbook-import');
INSERT INTO programs (id, country, row_number, band_key, fields_json, links_json, source_color, source_font_colors_json, source_colors_by_column_json, source_font_colors_by_column_json, updated_at, updated_by) VALUES ('germany-130', 'Germany', 130, 'skipped', '{"university":"Hochschule Bielefeld HS''B University of Applied Sciences and Arts","course":"Data Science (Research Master)","applied":"No","commentsRejectionReason":"","enrollmentDeadline":"","tuitionFeeEurosPerSem":"Free","dateApplied":"","applicationOpen":"","deadline":"2026-07-15","uniAssist":"VPD","website":"","daad":""}', '[]', NULL, '["theme:1"]', '{"M":"FFD9EAD3","N":"FFD9EAD3","O":"FFD9EAD3","P":"FFD9EAD3","Q":"FFD9EAD3","R":"FFD9EAD3","S":"FFD9EAD3","T":"FFD9EAD3","U":"FFD9EAD3","V":"FFD9EAD3","W":"FFD9EAD3","X":"FFD9EAD3","Y":"FFD9EAD3","Z":"FFD9EAD3","AA":"FFD9EAD3","AB":"FFD9EAD3","AC":"FFD9EAD3","AD":"FFD9EAD3","AE":"FFD9EAD3","AF":"FFD9EAD3","AG":"FFD9EAD3"}', '{"A":"theme:1","B":"theme:1","C":"theme:1","D":"theme:1","E":"theme:1","F":"theme:1","G":"theme:1","H":"theme:1","I":"theme:1","J":"theme:1","K":"theme:1","L":"theme:1","M":"theme:1","N":"theme:1","O":"theme:1","P":"theme:1","Q":"theme:1","R":"theme:1","S":"theme:1","T":"theme:1","U":"theme:1","V":"theme:1","W":"theme:1","X":"theme:1","Y":"theme:1","Z":"theme:1","AA":"theme:1","AB":"theme:1","AC":"theme:1","AD":"theme:1","AE":"theme:1","AF":"theme:1","AG":"theme:1"}', '2026-05-30T13:04:58', 'workbook-import');
INSERT INTO programs (id, country, row_number, band_key, fields_json, links_json, source_color, source_font_colors_json, source_colors_by_column_json, source_font_colors_by_column_json, updated_at, updated_by) VALUES ('germany-131', 'Germany', 131, 'skipped', '{"university":"University of Greifswald","course":"Data Science","applied":"No(German)","commentsRejectionReason":"","enrollmentDeadline":"","tuitionFeeEurosPerSem":"Free","dateApplied":"","applicationOpen":"","deadline":"2026-07-15","uniAssist":"Yes","website":"","daad":""}', '[]', NULL, '["theme:1"]', '{}', '{"A":"theme:1","B":"theme:1","C":"theme:1","D":"theme:1","E":"theme:1","F":"theme:1","G":"theme:1","H":"theme:1","I":"theme:1","J":"theme:1","K":"theme:1","L":"theme:1","M":"theme:1","N":"theme:1","O":"theme:1","P":"theme:1","Q":"theme:1","R":"theme:1","S":"theme:1","T":"theme:1","U":"theme:1","V":"theme:1","W":"theme:1","X":"theme:1","Y":"theme:1","Z":"theme:1","AA":"theme:1","AB":"theme:1","AC":"theme:1","AD":"theme:1","AE":"theme:1","AF":"theme:1","AG":"theme:1"}', '2026-05-30T13:04:58', 'workbook-import');
INSERT INTO programs (id, country, row_number, band_key, fields_json, links_json, source_color, source_font_colors_json, source_colors_by_column_json, source_font_colors_by_column_json, updated_at, updated_by) VALUES ('germany-132', 'Germany', 132, 'skipped', '{"university":"Kiel","course":"Computer Science","applied":"No","commentsRejectionReason":"","enrollmentDeadline":"","tuitionFeeEurosPerSem":"Free","dateApplied":"","applicationOpen":"2026-05-01","deadline":"2026-07-15","uniAssist":"Yes","website":"","daad":""}', '[]', NULL, '["theme:1"]', '{}', '{"A":"theme:1","B":"theme:1","C":"theme:1","D":"theme:1","E":"theme:1","F":"theme:1","G":"theme:1","H":"theme:1","I":"theme:1","J":"theme:1","K":"theme:1","L":"theme:1","M":"theme:1","N":"theme:1","O":"theme:1","P":"theme:1","Q":"theme:1","R":"theme:1","S":"theme:1","T":"theme:1","U":"theme:1","V":"theme:1","W":"theme:1","X":"theme:1","Y":"theme:1","Z":"theme:1","AA":"theme:1","AB":"theme:1","AC":"theme:1","AD":"theme:1","AE":"theme:1","AF":"theme:1","AG":"theme:1"}', '2026-05-30T13:04:58', 'workbook-import');
INSERT INTO programs (id, country, row_number, band_key, fields_json, links_json, source_color, source_font_colors_json, source_colors_by_column_json, source_font_colors_by_column_json, updated_at, updated_by) VALUES ('germany-133', 'Germany', 133, 'skipped', '{"university":"Rhine-Waal University of Applied Sciences","course":"Information Engineering and Computer Science","applied":"No","commentsRejectionReason":"","enrollmentDeadline":"","tuitionFeeEurosPerSem":"Free","dateApplied":"","applicationOpen":"","deadline":"2026-07-15","uniAssist":"Yes","website":"","daad":""}', '[]', NULL, '["theme:1"]', '{}', '{"A":"theme:1","B":"theme:1","C":"theme:1","D":"theme:1","E":"theme:1","F":"theme:1","G":"theme:1","H":"theme:1","I":"theme:1","J":"theme:1","K":"theme:1","L":"theme:1","M":"theme:1","N":"theme:1","O":"theme:1","P":"theme:1","Q":"theme:1","R":"theme:1","S":"theme:1","T":"theme:1","U":"theme:1","V":"theme:1","W":"theme:1","X":"theme:1","Y":"theme:1","Z":"theme:1","AA":"theme:1","AB":"theme:1","AC":"theme:1","AD":"theme:1","AE":"theme:1","AF":"theme:1","AG":"theme:1"}', '2026-05-30T13:04:58', 'workbook-import');
INSERT INTO programs (id, country, row_number, band_key, fields_json, links_json, source_color, source_font_colors_json, source_colors_by_column_json, source_font_colors_by_column_json, updated_at, updated_by) VALUES ('germany-134', 'Germany', 134, 'skipped', '{"university":"Kiel","course":"Computer Science","applied":"No","commentsRejectionReason":"","enrollmentDeadline":"","tuitionFeeEurosPerSem":"Free","dateApplied":"","applicationOpen":"2026-05-01","deadline":"2026-07-15","uniAssist":"Yes","website":"","daad":""}', '[]', NULL, '["theme:1"]', '{"M":"FFD9EAD3","N":"FFD9EAD3","O":"FFD9EAD3","P":"FFD9EAD3","Q":"FFD9EAD3","R":"FFD9EAD3","S":"FFD9EAD3","T":"FFD9EAD3","U":"FFD9EAD3","V":"FFD9EAD3","W":"FFD9EAD3","X":"FFD9EAD3","Y":"FFD9EAD3","Z":"FFD9EAD3","AA":"FFD9EAD3","AB":"FFD9EAD3","AC":"FFD9EAD3","AD":"FFD9EAD3","AE":"FFD9EAD3","AF":"FFD9EAD3","AG":"FFD9EAD3"}', '{"A":"theme:1","B":"theme:1","C":"theme:1","D":"theme:1","E":"theme:1","F":"theme:1","G":"theme:1","H":"theme:1","I":"theme:1","J":"theme:1","K":"theme:1","L":"theme:1","M":"theme:1","N":"theme:1","O":"theme:1","P":"theme:1","Q":"theme:1","R":"theme:1","S":"theme:1","T":"theme:1","U":"theme:1","V":"theme:1","W":"theme:1","X":"theme:1","Y":"theme:1","Z":"theme:1","AA":"theme:1","AB":"theme:1","AC":"theme:1","AD":"theme:1","AE":"theme:1","AF":"theme:1","AG":"theme:1"}', '2026-05-30T13:04:58', 'workbook-import');
INSERT INTO programs (id, country, row_number, band_key, fields_json, links_json, source_color, source_font_colors_json, source_colors_by_column_json, source_font_colors_by_column_json, updated_at, updated_by) VALUES ('germany-135', 'Germany', 135, 'skipped', '{"university":"Weimar","course":"Computer Science for Digital Media","applied":"No","commentsRejectionReason":"","enrollmentDeadline":"","tuitionFeeEurosPerSem":"","dateApplied":"","applicationOpen":"","deadline":"","uniAssist":"Yes","website":"","daad":""}', '[]', 'FFFFFFFF', '["FF000000","theme:1"]', '{"B":"FFFFFFFF","M":"FFD9EAD3","N":"FFD9EAD3","O":"FFD9EAD3","P":"FFD9EAD3","Q":"FFD9EAD3","R":"FFD9EAD3","S":"FFD9EAD3","T":"FFD9EAD3","U":"FFD9EAD3","V":"FFD9EAD3","W":"FFD9EAD3","X":"FFD9EAD3","Y":"FFD9EAD3","Z":"FFD9EAD3","AA":"FFD9EAD3","AB":"FFD9EAD3","AC":"FFD9EAD3","AD":"FFD9EAD3","AE":"FFD9EAD3","AF":"FFD9EAD3","AG":"FFD9EAD3"}', '{"A":"theme:1","B":"FF000000","C":"theme:1","D":"theme:1","E":"theme:1","F":"theme:1","G":"theme:1","H":"theme:1","I":"theme:1","J":"theme:1","K":"theme:1","L":"theme:1","M":"theme:1","N":"theme:1","O":"theme:1","P":"theme:1","Q":"theme:1","R":"theme:1","S":"theme:1","T":"theme:1","U":"theme:1","V":"theme:1","W":"theme:1","X":"theme:1","Y":"theme:1","Z":"theme:1","AA":"theme:1","AB":"theme:1","AC":"theme:1","AD":"theme:1","AE":"theme:1","AF":"theme:1","AG":"theme:1"}', '2026-05-30T13:04:58', 'workbook-import');
INSERT INTO programs (id, country, row_number, band_key, fields_json, links_json, source_color, source_font_colors_json, source_colors_by_column_json, source_font_colors_by_column_json, updated_at, updated_by) VALUES ('germany-136', 'Germany', 136, 'skipped', '{"university":"th owl","course":"Information Technology","applied":"No","commentsRejectionReason":"","enrollmentDeadline":"","tuitionFeeEurosPerSem":"","dateApplied":"","applicationOpen":"","deadline":"","uniAssist":"Yes","website":"","daad":""}', '[]', 'FFFFFFFF', '["FF000000","theme:1"]', '{"B":"FFFFFFFF","M":"FFD9EAD3","N":"FFD9EAD3","O":"FFD9EAD3","P":"FFD9EAD3","Q":"FFD9EAD3","R":"FFD9EAD3","S":"FFD9EAD3","T":"FFD9EAD3","U":"FFD9EAD3","V":"FFD9EAD3","W":"FFD9EAD3","X":"FFD9EAD3","Y":"FFD9EAD3","Z":"FFD9EAD3","AA":"FFD9EAD3","AB":"FFD9EAD3","AC":"FFD9EAD3","AD":"FFD9EAD3","AE":"FFD9EAD3","AF":"FFD9EAD3","AG":"FFD9EAD3"}', '{"A":"theme:1","B":"FF000000","C":"theme:1","D":"theme:1","E":"theme:1","F":"theme:1","G":"theme:1","H":"theme:1","I":"theme:1","J":"theme:1","K":"theme:1","L":"theme:1","M":"theme:1","N":"theme:1","O":"theme:1","P":"theme:1","Q":"theme:1","R":"theme:1","S":"theme:1","T":"theme:1","U":"theme:1","V":"theme:1","W":"theme:1","X":"theme:1","Y":"theme:1","Z":"theme:1","AA":"theme:1","AB":"theme:1","AC":"theme:1","AD":"theme:1","AE":"theme:1","AF":"theme:1","AG":"theme:1"}', '2026-05-30T13:04:58', 'workbook-import');
INSERT INTO programs (id, country, row_number, band_key, fields_json, links_json, source_color, source_font_colors_json, source_colors_by_column_json, source_font_colors_by_column_json, updated_at, updated_by) VALUES ('germany-137', 'Germany', 137, 'skipped', '{"university":"Trier University","course":"Data Science","applied":"No(70 euros bank transfer)","commentsRejectionReason":"","enrollmentDeadline":"","tuitionFeeEurosPerSem":"Free","dateApplied":"","applicationOpen":"2026-05-05","deadline":"2026-05-31","uniAssist":"","website":"","daad":""}', '[]', 'theme:0', '["theme:1"]', '{"A":"theme:0","B":"theme:0","C":"theme:0","D":"theme:0","E":"theme:0","F":"theme:0","G":"theme:0","H":"theme:0","I":"theme:0","J":"theme:0","K":"theme:0","L":"theme:0","M":"FFD9EAD3","N":"FFD9EAD3","O":"FFD9EAD3","P":"FFD9EAD3","Q":"FFD9EAD3","R":"FFD9EAD3","S":"FFD9EAD3","T":"FFD9EAD3","U":"FFD9EAD3","V":"FFD9EAD3","W":"FFD9EAD3","X":"FFD9EAD3","Y":"FFD9EAD3","Z":"FFD9EAD3","AA":"FFD9EAD3","AB":"FFD9EAD3","AC":"FFD9EAD3","AD":"FFD9EAD3","AE":"FFD9EAD3","AF":"FFD9EAD3","AG":"FFD9EAD3"}', '{"A":"theme:1","B":"theme:1","C":"theme:1","D":"theme:1","E":"theme:1","F":"theme:1","G":"theme:1","H":"theme:1","I":"theme:1","J":"theme:1","K":"theme:1","L":"theme:1","M":"theme:1","N":"theme:1","O":"theme:1","P":"theme:1","Q":"theme:1","R":"theme:1","S":"theme:1","T":"theme:1","U":"theme:1","V":"theme:1","W":"theme:1","X":"theme:1","Y":"theme:1","Z":"theme:1","AA":"theme:1","AB":"theme:1","AC":"theme:1","AD":"theme:1","AE":"theme:1","AF":"theme:1","AG":"theme:1"}', '2026-05-30T13:04:58', 'workbook-import');
INSERT INTO programs (id, country, row_number, band_key, fields_json, links_json, source_color, source_font_colors_json, source_colors_by_column_json, source_font_colors_by_column_json, updated_at, updated_by) VALUES ('germany-138', 'Germany', 138, 'skipped', '{"university":"Trier University","course":"Natural Language Processing","applied":"No(70 euros bank transfer)","commentsRejectionReason":"","enrollmentDeadline":"","tuitionFeeEurosPerSem":"Free","dateApplied":"","applicationOpen":"2026-05-05","deadline":"2026-05-31","uniAssist":"","website":"","daad":""}', '[]', 'theme:0', '["theme:1"]', '{"A":"theme:0","B":"theme:0","C":"theme:0","D":"theme:0","E":"theme:0","F":"theme:0","G":"theme:0","H":"theme:0","I":"theme:0","J":"theme:0","K":"theme:0","L":"theme:0","M":"FFD9EAD3","N":"FFD9EAD3","O":"FFD9EAD3","P":"FFD9EAD3","Q":"FFD9EAD3","R":"FFD9EAD3","S":"FFD9EAD3","T":"FFD9EAD3","U":"FFD9EAD3","V":"FFD9EAD3","W":"FFD9EAD3","X":"FFD9EAD3","Y":"FFD9EAD3","Z":"FFD9EAD3","AA":"FFD9EAD3","AB":"FFD9EAD3","AC":"FFD9EAD3","AD":"FFD9EAD3","AE":"FFD9EAD3","AF":"FFD9EAD3","AG":"FFD9EAD3"}', '{"A":"theme:1","B":"theme:1","C":"theme:1","D":"theme:1","E":"theme:1","F":"theme:1","G":"theme:1","H":"theme:1","I":"theme:1","J":"theme:1","K":"theme:1","L":"theme:1","M":"theme:1","N":"theme:1","O":"theme:1","P":"theme:1","Q":"theme:1","R":"theme:1","S":"theme:1","T":"theme:1","U":"theme:1","V":"theme:1","W":"theme:1","X":"theme:1","Y":"theme:1","Z":"theme:1","AA":"theme:1","AB":"theme:1","AC":"theme:1","AD":"theme:1","AE":"theme:1","AF":"theme:1","AG":"theme:1"}', '2026-05-30T13:04:58', 'workbook-import');
INSERT INTO programs (id, country, row_number, band_key, fields_json, links_json, source_color, source_font_colors_json, source_colors_by_column_json, source_font_colors_by_column_json, updated_at, updated_by) VALUES ('germany-139', 'Germany', 139, 'skipped', '{"university":"Technische Universität Braunschweig","course":"Artificial Intelligence for Molecular Sciences(ignore)","applied":"No(not relevant)","commentsRejectionReason":"","enrollmentDeadline":"","tuitionFeeEurosPerSem":"Free","dateApplied":"","applicationOpen":"2026-02-01","deadline":"2026-03-15","uniAssist":"","website":"https://www.unite-codas-master.eu/admission.html#apply","daad":"https://www2.daad.de/deutschland/studienangebote/international-programmes/en/detail/9735/"}', '[{"field":"website","label":"Website","url":"https://www.unite-codas-master.eu/admission.html#apply"},{"field":"daad","label":"DAAD","url":"https://www2.daad.de/deutschland/studienangebote/international-programmes/en/detail/9735/"}]', 'FFF4F4F4', '["FF000000","FF0000FF","theme:1"]', '{"A":"FFF4F4F4","B":"FFF4F4F4"}', '{"A":"FF000000","B":"FF000000","C":"theme:1","D":"theme:1","E":"theme:1","F":"theme:1","G":"theme:1","H":"theme:1","I":"theme:1","J":"theme:1","K":"FF0000FF","L":"FF0000FF","M":"theme:1","N":"theme:1","O":"theme:1","P":"theme:1","Q":"theme:1","R":"theme:1","S":"theme:1","T":"theme:1","U":"theme:1","V":"theme:1","W":"theme:1","X":"theme:1","Y":"theme:1","Z":"theme:1","AA":"theme:1","AB":"theme:1","AC":"theme:1","AD":"theme:1","AE":"theme:1","AF":"theme:1","AG":"theme:1"}', '2026-05-30T13:04:58', 'workbook-import');
INSERT INTO programs (id, country, row_number, band_key, fields_json, links_json, source_color, source_font_colors_json, source_colors_by_column_json, source_font_colors_by_column_json, updated_at, updated_by) VALUES ('germany-140', 'Germany', 140, 'skipped', '{"university":"Kiel University of Applied Sciences","course":"Data Science","applied":"No(GRE)","commentsRejectionReason":"","enrollmentDeadline":"","tuitionFeeEurosPerSem":"Free","dateApplied":"","applicationOpen":"","deadline":"2026-09-15","uniAssist":"Yes","website":"","daad":""}', '[]', NULL, '["theme:1"]', '{"M":"FFD9EAD3","N":"FFD9EAD3","O":"FFD9EAD3","P":"FFD9EAD3","Q":"FFD9EAD3","R":"FFD9EAD3","S":"FFD9EAD3","T":"FFD9EAD3","U":"FFD9EAD3","V":"FFD9EAD3","W":"FFD9EAD3","X":"FFD9EAD3","Y":"FFD9EAD3","Z":"FFD9EAD3","AA":"FFD9EAD3","AB":"FFD9EAD3","AC":"FFD9EAD3","AD":"FFD9EAD3","AE":"FFD9EAD3","AF":"FFD9EAD3","AG":"FFD9EAD3"}', '{"A":"theme:1","B":"theme:1","C":"theme:1","D":"theme:1","E":"theme:1","F":"theme:1","G":"theme:1","H":"theme:1","I":"theme:1","J":"theme:1","K":"theme:1","L":"theme:1","M":"theme:1","N":"theme:1","O":"theme:1","P":"theme:1","Q":"theme:1","R":"theme:1","S":"theme:1","T":"theme:1","U":"theme:1","V":"theme:1","W":"theme:1","X":"theme:1","Y":"theme:1","Z":"theme:1","AA":"theme:1","AB":"theme:1","AC":"theme:1","AD":"theme:1","AE":"theme:1","AF":"theme:1","AG":"theme:1"}', '2026-05-30T13:04:58', 'workbook-import');
INSERT INTO programs (id, country, row_number, band_key, fields_json, links_json, source_color, source_font_colors_json, source_colors_by_column_json, source_font_colors_by_column_json, updated_at, updated_by) VALUES ('germany-141', 'Germany', 141, 'skipped', '{"university":"Rheinmain UAS","course":"Al and Advanced Information Technology.","applied":"","commentsRejectionReason":"","enrollmentDeadline":"","tuitionFeeEurosPerSem":"Free","dateApplied":"","applicationOpen":"late may/early june","deadline":"2026-07-15","uniAssist":"Yes","website":"","daad":""}', '[]', NULL, '["theme:1"]', '{}', '{"A":"theme:1","B":"theme:1","C":"theme:1","D":"theme:1","E":"theme:1","F":"theme:1","G":"theme:1","H":"theme:1","I":"theme:1","J":"theme:1","K":"theme:1","L":"theme:1","M":"theme:1","N":"theme:1","O":"theme:1","P":"theme:1","Q":"theme:1","R":"theme:1","S":"theme:1","T":"theme:1","U":"theme:1","V":"theme:1","W":"theme:1","X":"theme:1","Y":"theme:1","Z":"theme:1","AA":"theme:1","AB":"theme:1","AC":"theme:1","AD":"theme:1","AE":"theme:1","AF":"theme:1","AG":"theme:1"}', '2026-05-30T13:04:58', 'workbook-import');
INSERT INTO programs (id, country, row_number, band_key, fields_json, links_json, source_color, source_font_colors_json, source_colors_by_column_json, source_font_colors_by_column_json, updated_at, updated_by) VALUES ('germany-142', 'Germany', 142, 'skipped', '{"university":"Bielefeld","course":"Intelligent Interactive Systems","applied":"","commentsRejectionReason":"","enrollmentDeadline":"","tuitionFeeEurosPerSem":"Free","dateApplied":"","applicationOpen":"2026-06-01","deadline":"2026-07-15","uniAssist":"","website":"","daad":""}', '[]', NULL, '["theme:1"]', '{}', '{"A":"theme:1","B":"theme:1","C":"theme:1","D":"theme:1","E":"theme:1","F":"theme:1","G":"theme:1","H":"theme:1","I":"theme:1","J":"theme:1","K":"theme:1","L":"theme:1","M":"theme:1","N":"theme:1","O":"theme:1","P":"theme:1","Q":"theme:1","R":"theme:1","S":"theme:1","T":"theme:1","U":"theme:1","V":"theme:1","W":"theme:1","X":"theme:1","Y":"theme:1","Z":"theme:1","AA":"theme:1","AB":"theme:1","AC":"theme:1","AD":"theme:1","AE":"theme:1","AF":"theme:1","AG":"theme:1"}', '2026-05-30T13:04:58', 'workbook-import');
INSERT INTO programs (id, country, row_number, band_key, fields_json, links_json, source_color, source_font_colors_json, source_colors_by_column_json, source_font_colors_by_column_json, updated_at, updated_by) VALUES ('germany-143', 'Germany', 143, 'skipped', '{"university":"TU Darmstadt","course":"IT Security","applied":"","commentsRejectionReason":"","enrollmentDeadline":"","tuitionFeeEurosPerSem":"","dateApplied":"","applicationOpen":"2026-06-01","deadline":"","uniAssist":"","website":"","daad":""}', '[]', 'FFFFFFFF', '["FF000000","theme:1"]', '{"B":"FFFFFFFF"}', '{"A":"theme:1","B":"FF000000","C":"theme:1","D":"theme:1","E":"theme:1","F":"theme:1","G":"theme:1","H":"theme:1","I":"theme:1","J":"theme:1","K":"theme:1","L":"theme:1","M":"theme:1","N":"theme:1","O":"theme:1","P":"theme:1","Q":"theme:1","R":"theme:1","S":"theme:1","T":"theme:1","U":"theme:1","V":"theme:1","W":"theme:1","X":"theme:1","Y":"theme:1","Z":"theme:1","AA":"theme:1","AB":"theme:1","AC":"theme:1","AD":"theme:1","AE":"theme:1","AF":"theme:1","AG":"theme:1"}', '2026-05-30T13:04:58', 'workbook-import');
INSERT INTO programs (id, country, row_number, band_key, fields_json, links_json, source_color, source_font_colors_json, source_colors_by_column_json, source_font_colors_by_column_json, updated_at, updated_by) VALUES ('germany-144', 'Germany', 144, 'skipped', '{"university":"TUHH","course":"Computer Science","applied":"","commentsRejectionReason":"","enrollmentDeadline":"","tuitionFeeEurosPerSem":"","dateApplied":"","applicationOpen":"2026-06-01","deadline":"2026-07-15","uniAssist":"","website":"","daad":""}', '[]', NULL, '["theme:1"]', '{}', '{"A":"theme:1","B":"theme:1","C":"theme:1","D":"theme:1","E":"theme:1","F":"theme:1","G":"theme:1","H":"theme:1","I":"theme:1","J":"theme:1","K":"theme:1","L":"theme:1","M":"theme:1","N":"theme:1","O":"theme:1","P":"theme:1","Q":"theme:1","R":"theme:1","S":"theme:1","T":"theme:1","U":"theme:1","V":"theme:1","W":"theme:1","X":"theme:1","Y":"theme:1","Z":"theme:1","AA":"theme:1","AB":"theme:1","AC":"theme:1","AD":"theme:1","AE":"theme:1","AF":"theme:1","AG":"theme:1"}', '2026-05-30T13:04:58', 'workbook-import');
INSERT INTO programs (id, country, row_number, band_key, fields_json, links_json, source_color, source_font_colors_json, source_colors_by_column_json, source_font_colors_by_column_json, updated_at, updated_by) VALUES ('germany-145', 'Germany', 145, 'skipped', '{"university":"TU Darmstadt","course":"Artificial Intelligence and Machine Learning","applied":"","commentsRejectionReason":"","enrollmentDeadline":"","tuitionFeeEurosPerSem":"Free","dateApplied":"https://www.tu-darmstadt.de/studieren/studieninteressierte/bewerbung_zulassung_tu/bewerbungsfristen/bachelor_studiengaenge_2/index.en.jsp","applicationOpen":"2026-06-01","deadline":"2026-07-15","uniAssist":"","website":"https://www.tu-darmstadt.de/studieren/studieninteressierte/bewerbung_zulassung_tu/online_bewerbung/index.en.jsp","daad":"https://www2.daad.de/deutschland/studienangebote/international-programmes/en/detail/4258/#tab_registration"}', '[{"field":"dateApplied","label":"Date Applied","url":"https://www.tu-darmstadt.de/studieren/studieninteressierte/bewerbung_zulassung_tu/bewerbungsfristen/bachelor_studiengaenge_2/index.en.jsp"},{"field":"website","label":"Website","url":"https://www.tu-darmstadt.de/studieren/studieninteressierte/bewerbung_zulassung_tu/online_bewerbung/index.en.jsp"},{"field":"daad","label":"DAAD","url":"https://www2.daad.de/deutschland/studienangebote/international-programmes/en/detail/4258/#tab_registration"}]', NULL, '["FF0000FF","theme:1"]', '{}', '{"A":"theme:1","B":"theme:1","C":"theme:1","D":"theme:1","E":"theme:1","F":"theme:1","G":"FF0000FF","H":"theme:1","I":"theme:1","J":"theme:1","K":"FF0000FF","L":"FF0000FF","M":"theme:1","N":"theme:1","O":"theme:1","P":"theme:1","Q":"theme:1","R":"theme:1","S":"theme:1","T":"theme:1","U":"theme:1","V":"theme:1","W":"theme:1","X":"theme:1","Y":"theme:1","Z":"theme:1","AA":"theme:1","AB":"theme:1","AC":"theme:1","AD":"theme:1","AE":"theme:1","AF":"theme:1","AG":"theme:1"}', '2026-05-30T13:04:58', 'workbook-import');
INSERT INTO programs (id, country, row_number, band_key, fields_json, links_json, source_color, source_font_colors_json, source_colors_by_column_json, source_font_colors_by_column_json, updated_at, updated_by) VALUES ('germany-146', 'Germany', 146, 'action', '{"university":"Bielefeld","course":"Data Science","applied":"got VPD","commentsRejectionReason":"","enrollmentDeadline":"","tuitionFeeEurosPerSem":"Free","dateApplied":"","applicationOpen":"2026-06-01","deadline":"2026-07-15","uniAssist":"VPD","website":"","daad":""}', '[]', 'FFFF9900', '["theme:1"]', '{"A":"FFFF9900","B":"FFFF9900","C":"FFFFFF00","D":"FFFF9900","E":"FFFF9900","F":"FFFF9900","G":"FFFF9900","H":"FFFF9900","I":"FFFF9900","J":"FFFF9900","K":"FFFF9900","L":"FFFF9900"}', '{"A":"theme:1","B":"theme:1","C":"theme:1","D":"theme:1","E":"theme:1","F":"theme:1","G":"theme:1","H":"theme:1","I":"theme:1","J":"theme:1","K":"theme:1","L":"theme:1","M":"theme:1","N":"theme:1","O":"theme:1","P":"theme:1","Q":"theme:1","R":"theme:1","S":"theme:1","T":"theme:1","U":"theme:1","V":"theme:1","W":"theme:1","X":"theme:1","Y":"theme:1","Z":"theme:1","AA":"theme:1","AB":"theme:1","AC":"theme:1","AD":"theme:1","AE":"theme:1","AF":"theme:1","AG":"theme:1"}', '2026-05-30T13:04:58', 'workbook-import');
INSERT INTO programs (id, country, row_number, band_key, fields_json, links_json, source_color, source_font_colors_json, source_colors_by_column_json, source_font_colors_by_column_json, updated_at, updated_by) VALUES ('germany-147', 'Germany', 147, 'action', '{"university":"TU Berlin","course":"Computer Science (Data Science track)","applied":"got VPD","commentsRejectionReason":"","enrollmentDeadline":"","tuitionFeeEurosPerSem":"","dateApplied":"","applicationOpen":"2026-06-01","deadline":"15/05 or 01/08","uniAssist":"VPD","website":"https://www.tu.berlin/en/studying/study-programs/all-programs-offered/study-course/computer-science-informatik-m-sc","daad":""}', '[{"field":"website","label":"Website","url":"https://www.tu.berlin/en/studying/study-programs/all-programs-offered/study-course/computer-science-informatik-m-sc"}]', 'FFFF9900', '["FF000000","FF0000FF","theme:1"]', '{"A":"FFFF9900","B":"FFFF9900","C":"FFFFFF00","D":"FFFF9900","E":"FFFF9900","F":"FFFF9900","G":"FFFF9900","H":"FFFF9900","I":"FFFF9900","J":"FFFF9900","K":"FFFF9900","L":"FFFF9900"}', '{"A":"FF000000","B":"FF000000","C":"theme:1","D":"theme:1","E":"theme:1","F":"theme:1","G":"theme:1","H":"theme:1","I":"theme:1","J":"theme:1","K":"FF0000FF","L":"theme:1","M":"theme:1","N":"theme:1","O":"theme:1","P":"theme:1","Q":"theme:1","R":"theme:1","S":"theme:1","T":"theme:1","U":"theme:1","V":"theme:1","W":"theme:1","X":"theme:1","Y":"theme:1","Z":"theme:1","AA":"theme:1","AB":"theme:1","AC":"theme:1","AD":"theme:1","AE":"theme:1","AF":"theme:1","AG":"theme:1"}', '2026-05-30T13:04:58', 'workbook-import');
INSERT INTO programs (id, country, row_number, band_key, fields_json, links_json, source_color, source_font_colors_json, source_colors_by_column_json, source_font_colors_by_column_json, updated_at, updated_by) VALUES ('germany-148', 'Germany', 148, 'action', '{"university":"Heilbronn","course":"Artificial Intelligence","applied":"VPD Applied","commentsRejectionReason":"","enrollmentDeadline":"","tuitionFeeEurosPerSem":"1500","dateApplied":"","applicationOpen":"","deadline":"2026-07-15","uniAssist":"VPD","website":"","daad":""}', '[]', 'FFFF9900', '["theme:1"]', '{"A":"FFFF9900","B":"FFFF9900","C":"FFFFFF00","D":"FFFF9900","E":"FFFF9900","F":"FFFF9900","G":"FFFF9900","H":"FFFF9900","I":"FFFF9900","J":"FFFF9900","K":"FFFF9900","L":"FFFF9900"}', '{"A":"theme:1","B":"theme:1","C":"theme:1","D":"theme:1","E":"theme:1","F":"theme:1","G":"theme:1","H":"theme:1","I":"theme:1","J":"theme:1","K":"theme:1","L":"theme:1","M":"theme:1","N":"theme:1","O":"theme:1","P":"theme:1","Q":"theme:1","R":"theme:1","S":"theme:1","T":"theme:1","U":"theme:1","V":"theme:1","W":"theme:1","X":"theme:1","Y":"theme:1","Z":"theme:1","AA":"theme:1","AB":"theme:1","AC":"theme:1","AD":"theme:1","AE":"theme:1","AF":"theme:1","AG":"theme:1"}', '2026-05-30T13:04:58', 'workbook-import');
INSERT INTO programs (id, country, row_number, band_key, fields_json, links_json, source_color, source_font_colors_json, source_colors_by_column_json, source_font_colors_by_column_json, updated_at, updated_by) VALUES ('germany-149', 'Germany', 149, 'action', '{"university":"Heilbronn","course":"Software Engineering","applied":"VPD Applied for AI","commentsRejectionReason":"","enrollmentDeadline":"","tuitionFeeEurosPerSem":"1500","dateApplied":"","applicationOpen":"","deadline":"2026-07-15","uniAssist":"VPD","website":"","daad":""}', '[]', 'FFFFFF00', '["theme:1"]', '{"C":"FFFFFF00"}', '{"A":"theme:1","B":"theme:1","C":"theme:1","D":"theme:1","E":"theme:1","F":"theme:1","G":"theme:1","H":"theme:1","I":"theme:1","J":"theme:1","K":"theme:1","L":"theme:1","M":"theme:1","N":"theme:1","O":"theme:1","P":"theme:1","Q":"theme:1","R":"theme:1","S":"theme:1","T":"theme:1","U":"theme:1","V":"theme:1","W":"theme:1","X":"theme:1","Y":"theme:1","Z":"theme:1","AA":"theme:1","AB":"theme:1","AC":"theme:1","AD":"theme:1","AE":"theme:1","AF":"theme:1","AG":"theme:1"}', '2026-05-30T13:04:58', 'workbook-import');
INSERT INTO countries (name, display_order) VALUES ('Austria', 1);
INSERT INTO columns (country, key, label, source_label, letter, index_position, display_order) VALUES ('Austria', 'university', 'University', 'University', 'A', 1, 0);
INSERT INTO columns (country, key, label, source_label, letter, index_position, display_order) VALUES ('Austria', 'course', 'Course', 'Course', 'B', 2, 1);
INSERT INTO columns (country, key, label, source_label, letter, index_position, display_order) VALUES ('Austria', 'applied', 'Applied', 'Applied', 'C', 3, 2);
INSERT INTO columns (country, key, label, source_label, letter, index_position, display_order) VALUES ('Austria', 'tuitionFeeEurosPerSem', 'Tuition Fee (EUR / sem)', 'Tuiton Fee(Euros per sem)', 'D', 4, 3);
INSERT INTO columns (country, key, label, source_label, letter, index_position, display_order) VALUES ('Austria', 'dateApplied', 'Date Applied', 'Date Applied', 'E', 5, 4);
INSERT INTO columns (country, key, label, source_label, letter, index_position, display_order) VALUES ('Austria', 'applicationOpen', 'Application Opens', 'Application open', 'F', 6, 5);
INSERT INTO columns (country, key, label, source_label, letter, index_position, display_order) VALUES ('Austria', 'deadline', 'Deadline', 'Deadline', 'G', 7, 6);
INSERT INTO columns (country, key, label, source_label, letter, index_position, display_order) VALUES ('Austria', 'website', 'Website', 'Website', 'H', 8, 7);
INSERT INTO programs (id, country, row_number, band_key, fields_json, links_json, source_color, source_font_colors_json, source_colors_by_column_json, source_font_colors_by_column_json, updated_at, updated_by) VALUES ('austria-2', 'Austria', 2, 'skipped', '{"university":"Uni Graz","course":"Data Science","applied":"","tuitionFeeEurosPerSem":"750","dateApplied":"","applicationOpen":"2026-05-11","deadline":"2026-08-15","website":"https://www.tugraz.at/en/studying-and-teaching/degree-and-certificate-programmes/masters-degree-programmes/data-science"}', '[{"field":"website","label":"Website","url":"https://www.tugraz.at/en/studying-and-teaching/degree-and-certificate-programmes/masters-degree-programmes/data-science"}]', NULL, '["FF0000FF","theme:1"]', '{}', '{"A":"theme:1","B":"theme:1","D":"theme:1","F":"theme:1","G":"theme:1","H":"FF0000FF"}', '2026-05-30T13:04:58', 'workbook-import');
INSERT INTO programs (id, country, row_number, band_key, fields_json, links_json, source_color, source_font_colors_json, source_colors_by_column_json, source_font_colors_by_column_json, updated_at, updated_by) VALUES ('austria-3', 'Austria', 3, 'skipped', '{"university":"TU Graz","course":"Computer Science","applied":"","tuitionFeeEurosPerSem":"750","dateApplied":"","applicationOpen":"2026-05-01","deadline":"2026-08-15","website":""}', '[]', NULL, '["theme:1"]', '{}', '{"A":"theme:1","B":"theme:1","D":"theme:1","F":"theme:1","G":"theme:1"}', '2026-05-30T13:04:58', 'workbook-import');
INSERT INTO programs (id, country, row_number, band_key, fields_json, links_json, source_color, source_font_colors_json, source_colors_by_column_json, source_font_colors_by_column_json, updated_at, updated_by) VALUES ('austria-4', 'Austria', 4, 'skipped', '{"university":"JKU","course":"Data Science","applied":"","tuitionFeeEurosPerSem":"750","dateApplied":"","applicationOpen":"","deadline":"2026-04-30","website":""}', '[]', NULL, '["theme:1"]', '{}', '{"A":"theme:1","B":"theme:1","D":"theme:1","G":"theme:1"}', '2026-05-30T13:04:58', 'workbook-import');
INSERT INTO programs (id, country, row_number, band_key, fields_json, links_json, source_color, source_font_colors_json, source_colors_by_column_json, source_font_colors_by_column_json, updated_at, updated_by) VALUES ('austria-5', 'Austria', 5, 'skipped', '{"university":"JKU","course":"Artifical Intelligence","applied":"","tuitionFeeEurosPerSem":"750","dateApplied":"","applicationOpen":"","deadline":"2026-04-30","website":""}', '[]', NULL, '["theme:1"]', '{}', '{"A":"theme:1","B":"theme:1","D":"theme:1","G":"theme:1"}', '2026-05-30T13:04:58', 'workbook-import');
INSERT INTO programs (id, country, row_number, band_key, fields_json, links_json, source_color, source_font_colors_json, source_colors_by_column_json, source_font_colors_by_column_json, updated_at, updated_by) VALUES ('austria-6', 'Austria', 6, 'skipped', '{"university":"fh kufstein","course":"","applied":"","tuitionFeeEurosPerSem":"","dateApplied":"","applicationOpen":"","deadline":"","website":""}', '[]', NULL, '["theme:1"]', '{}', '{"A":"theme:1"}', '2026-05-30T13:04:58', 'workbook-import');
INSERT INTO programs (id, country, row_number, band_key, fields_json, links_json, source_color, source_font_colors_json, source_colors_by_column_json, source_font_colors_by_column_json, updated_at, updated_by) VALUES ('austria-7', 'Austria', 7, 'skipped', '{"university":"AAU Klaggenfurt","course":"Master Artificial Intelligence and Cybersecurity","applied":"","tuitionFeeEurosPerSem":"750","dateApplied":"","applicationOpen":"","deadline":"2026-04-30","website":"https://www.aau.at/en/studien/master-artificial-intelligence-and-cybersecurity/"}', '[{"field":"website","label":"Website","url":"https://www.aau.at/en/studien/master-artificial-intelligence-and-cybersecurity/"}]', NULL, '["FF0000FF","theme:1"]', '{}', '{"A":"theme:1","B":"theme:1","D":"theme:1","G":"theme:1","H":"FF0000FF"}', '2026-05-30T13:04:58', 'workbook-import');
INSERT INTO programs (id, country, row_number, band_key, fields_json, links_json, source_color, source_font_colors_json, source_colors_by_column_json, source_font_colors_by_column_json, updated_at, updated_by) VALUES ('austria-8', 'Austria', 8, 'skipped', '{"university":"TU Wien","course":"Master''s Programme Logic and Artificial Intelligence","applied":"","tuitionFeeEurosPerSem":"750","dateApplied":"","applicationOpen":"","deadline":"2026-07-15","website":"https://www.tuwien.at/en/studies/studies/master-programmes"}', '[{"field":"website","label":"Website","url":"https://www.tuwien.at/en/studies/studies/master-programmes"}]', NULL, '["FF0000FF","theme:1"]', '{}', '{"A":"theme:1","B":"theme:1","D":"theme:1","G":"theme:1","H":"FF0000FF"}', '2026-05-30T13:04:58', 'workbook-import');
INSERT INTO programs (id, country, row_number, band_key, fields_json, links_json, source_color, source_font_colors_json, source_colors_by_column_json, source_font_colors_by_column_json, updated_at, updated_by) VALUES ('austria-9', 'Austria', 9, 'skipped', '{"university":"TU Wien","course":"Data Science","applied":"","tuitionFeeEurosPerSem":"750","dateApplied":"","applicationOpen":"","deadline":"2026-07-15","website":"https://www.tuwien.at/en/studies/studies/master-programmes"}', '[{"field":"website","label":"Website","url":"https://www.tuwien.at/en/studies/studies/master-programmes"}]', NULL, '["FF0000FF","theme:1"]', '{}', '{"A":"theme:1","B":"theme:1","D":"theme:1","G":"theme:1","H":"FF0000FF"}', '2026-05-30T13:04:58', 'workbook-import');
INSERT INTO programs (id, country, row_number, band_key, fields_json, links_json, source_color, source_font_colors_json, source_colors_by_column_json, source_font_colors_by_column_json, updated_at, updated_by) VALUES ('austria-10', 'Austria', 10, 'skipped', '{"university":"University of vienna","course":"Data Science","applied":"No (requires GRE)","tuitionFeeEurosPerSem":"750","dateApplied":"","applicationOpen":"","deadline":"2026-04-07","website":""}', '[]', NULL, '["theme:1"]', '{}', '{"A":"theme:1","B":"theme:1","C":"theme:1","D":"theme:1","G":"theme:1"}', '2026-05-30T13:04:58', 'workbook-import');
INSERT INTO programs (id, country, row_number, band_key, fields_json, links_json, source_color, source_font_colors_json, source_colors_by_column_json, source_font_colors_by_column_json, updated_at, updated_by) VALUES ('austria-11', 'Austria', 11, 'skipped', '{"university":"Salzburg","course":"Data Science","applied":"","tuitionFeeEurosPerSem":"750","dateApplied":"","applicationOpen":"","deadline":"2026-08-10","website":""}', '[]', NULL, '["theme:1"]', '{}', '{"A":"theme:1","B":"theme:1","D":"theme:1","G":"theme:1"}', '2026-05-30T13:04:58', 'workbook-import');
INSERT INTO countries (name, display_order) VALUES ('Netherlands', 2);
INSERT INTO columns (country, key, label, source_label, letter, index_position, display_order) VALUES ('Netherlands', 'university', 'University', 'University', 'A', 1, 0);
INSERT INTO columns (country, key, label, source_label, letter, index_position, display_order) VALUES ('Netherlands', 'course', 'Course', 'Course', 'B', 2, 1);
INSERT INTO columns (country, key, label, source_label, letter, index_position, display_order) VALUES ('Netherlands', 'applied', 'Applied', 'Applied', 'C', 3, 2);
INSERT INTO columns (country, key, label, source_label, letter, index_position, display_order) VALUES ('Netherlands', 'tuitionFeeEurosPerSem', 'Tuition Fee (EUR / sem)', 'Tuiton Fee(Euros per sem)', 'D', 4, 3);
INSERT INTO columns (country, key, label, source_label, letter, index_position, display_order) VALUES ('Netherlands', 'dateApplied', 'Date Applied', 'Date Applied', 'E', 5, 4);
INSERT INTO columns (country, key, label, source_label, letter, index_position, display_order) VALUES ('Netherlands', 'applicationOpen', 'Application Opens', 'Application open', 'F', 6, 5);
INSERT INTO columns (country, key, label, source_label, letter, index_position, display_order) VALUES ('Netherlands', 'deadline', 'Deadline', 'Deadline', 'G', 7, 6);
INSERT INTO columns (country, key, label, source_label, letter, index_position, display_order) VALUES ('Netherlands', 'website', 'Website', 'Website', 'H', 8, 7);
INSERT INTO programs (id, country, row_number, band_key, fields_json, links_json, source_color, source_font_colors_json, source_colors_by_column_json, source_font_colors_by_column_json, updated_at, updated_by) VALUES ('netherlands-2', 'Netherlands', 2, 'skipped', '{"university":"Utrecht","course":"","applied":"","tuitionFeeEurosPerSem":"","dateApplied":"","applicationOpen":"","deadline":"","website":""}', '[]', NULL, '["theme:1"]', '{}', '{"A":"theme:1"}', '2026-05-30T13:04:58', 'workbook-import');
INSERT INTO programs (id, country, row_number, band_key, fields_json, links_json, source_color, source_font_colors_json, source_colors_by_column_json, source_font_colors_by_column_json, updated_at, updated_by) VALUES ('netherlands-3', 'Netherlands', 3, 'skipped', '{"university":"Leiden","course":"","applied":"","tuitionFeeEurosPerSem":"","dateApplied":"","applicationOpen":"","deadline":"","website":""}', '[]', NULL, '["theme:1"]', '{}', '{"A":"theme:1"}', '2026-05-30T13:04:58', 'workbook-import');
